"","Local","parcela","Evento","A","P","Imed","I30max","EI30","Vol","Lamina","C","qmax","qmed","Ia","PS","CSSmax","CSSmed","PSesp","CentQ","CentP","Tlw","Tw","Tb","Tlp","Tlpc","Tlc","Tr","Tc","TQC","IH","Qmid","Tempo.retorno"
"1","Cambe","PCT","04/10/2018",NA,36.1,24.0666667,"29.24891",NA,40.57956,2.028978,5.620438,48.778,4.9774559,34.071022,98.214972,3.557,"0.8530662",0.004910749,NA,NA,30,90,65,20,30,31,20,15,5,NA,NA,NA
"2","Cambe","PCT","26/10/2018",NA,9.016,0.4098182,"9.016",NA,2.7258,0.13629,1.511646,4.41,1.5263333,8.87971,6.236053,2.696,"1.9740867",0.000311803,NA,NA,10,22,28,16,5,6,16,5,0,NA,NA,NA
"3","Cambe","PCT","23/11/2018",NA,61.54,9.4676923,"14.45",NA,63.6819,3.184095,5.174025,6.79,2.5789078,58.355905,34.644616,1.82,"0.464017",0.001732231,NA,NA,150,390,398,167,14,41,167,5,162,NA,NA,NA
"4","Cambe","PCT","28/05/2019",NA,27.80693,20.3465347,"12.17822",NA,22.0677,1.103385,3.968022,22.29,5.7629817,26.703546,62.853989,6.96,"1.9737615",0.0031427,NA,NA,38,82,63,23,4,11,23,0,1,NA,NA,NA
"5","Cambe","PCT","16/12/2019",NA,24.71391,14.5375946,"10.22257",NA,18.9918,0.94959,3.84233,11.433,3.0162476,23.764321,9.394042,1.21,"0.3244762",0.000469702,NA,NA,38,102,88,28,4,5,28,0,28,NA,NA,NA
"6","Cambe","PCT","18/08/2020",NA,20.3239,16.9365854,"11.4322",NA,19.7082,0.98541,4.848528,9.74,2.8078632,19.338492,5.992568,0.819,"0.1800171",0.000299628,NA,NA,38,72,86,16,6,18,16,42,5,NA,NA,NA
"7","Cambe","PCT","19/08/2020",NA,8.496,7.2822857,"4.32",NA,5.94327,0.2971635,3.497687,3.419,0.8190537,8.198837,2.559067,3.06,"0.393595",0.000127953,NA,NA,38,70,109,55,26,29,55,48,55,NA,NA,NA
"8","Cambe","PCT","23/10/2021",NA,48.1113,1.0023188,"38.2313",NA,35.07837,1.7539185,3.645544,57.318,11.0211701,46.357384,46.322406,5.19,"0.9077835",0.00231612,NA,NA,18,48,62,9,5,7,9,28,4,NA,NA,NA
"9","Cambe","PCT","13/03/2022",NA,67.13183,1.3985798,"56.09968",NA,27.1299,1.356495,2.020643,34.61,8.7121154,65.775338,47.25137,4.372351,"0.941821",0.002362569,NA,NA,16,48,33,4,4,10,4,1,4,NA,NA,NA
"10","Cambe","PCT","24/03/2022",NA,26.28048,0.5053938,"22.43187",NA,20.4606,1.02303,3.892737,34.04,6.5353623,25.257448,122.904843,27.65,"6.2792754",0.006145242,NA,NA,18,52,40,5,6,9,5,7,-27,NA,NA,NA
"11","Cambe","PCT","12/04/2022",NA,37.30909,12.4363636,"16.58182",NA,9.8427,0.492135,1.319075,8.19,0.8043873,36.816956,31.695299,4.392106,"2.8019208",0.001584765,NA,NA,34,180,176,14,5,10,14,21,-8,NA,NA,NA
"12","Cambe","PST","04/10/2018",NA,36.1,24.0666667,"29.24891",NA,157.57302,7.878651,21.824518,99.888,18.0028801,28.221349,365.0546875,6.325,"0.9870205",0.01825273,NA,NA,30,90,75,20,30,38,20,25,3,NA,NA,NA
"13","Cambe","PST","26/10/2018",NA,9.016,0.4098182,"9.016",NA,1.9092,0.09546,1.0587844,2.56,0.7997561,8.92054,2.6518327,3.61,"1.007439",0.000132592,NA,NA,10,22,25,7,3,8,7,9,3,NA,NA,NA
"14","Cambe","PST","23/11/2018",NA,56.61,9.435,"10.54",NA,150.0681,7.503405,13.2545575,13.28,6.4495232,49.106595,73.8833291,1.43,"0.4948196",0.003694166,NA,NA,150,360,373,165,14,70,165,12,163,NA,NA,NA
"15","Cambe","PST","28/05/2019",NA,25.57426,18.2673267,"13.09158",NA,36.23037,1.8115185,7.083367,24.966,7.4420928,23.762739,182.7647472,8.32,"3.783299",0.009138237,NA,NA,30,84,68,38,25,21,38,1,21,NA,NA,NA
"16","Cambe","PST","16/12/2019",NA,31.45407,12.5816273,"10.22257",NA,18.21714,0.910857,2.8958321,9.736,1.9847712,30.543211,27.3649352,2.99,"0.7746732",0.001368247,NA,NA,70,150,131,27,-24,-19,27,0,2,NA,NA,NA
"17","Cambe","PST","18/08/2020",NA,20.3239,16.9365854,"11.4322",NA,7.837938,0.3918969,1.9282562,4.407,1.2446014,19.932006,2.5501413,1.309639,"0.2541863",0.000127507,NA,NA,38,72,72,30,22,25,30,30,21,NA,NA,NA
"18","Cambe","PST","19/08/2020",NA,8.496,7.2822857,"4.32",NA,0.83646,0.041823,0.4922669,0.725,0.1554667,8.454177,0.3719491,1.32,"0.1714444",1.85975e-05,NA,NA,38,70,31,11,29,32,11,17,11,NA,NA,NA
"19","Cambe","PST","31/01/2021",NA,37.5,1.5625,NA,NA,2.691,0.13455,0.3588,5.66,1.682037,37.36545,3.5880889,2.605142,"0.6093306",0.000179404,NA,NA,6,24,12,2,8,11,2,0,2,NA,NA,NA
"20","Cambe","PST","23/10/2021",NA,32.43217,0.6756703,"27.27739",NA,156.88869,7.8444345,24.1872002,76.874,14.5994083,24.587738,134.5231748,4.61,"0.6448056",0.006726159,NA,NA,16,48,164,17,12,21,17,127,-147,NA,NA,NA
"21","Cambe","PST","13/03/2022",NA,71.82637,61.5654571,"56.09968",NA,317.3292,15.86646,22.0900218,221.61,71.5163514,55.959907,3762.516884,16.63,"8.5564865",0.1881258,NA,NA,18,70,53,11,11,17,11,1,-38,NA,NA,NA
"22","Cambe","PST","24/03/2022",NA,33.86773,0.6513025,"29.2494",NA,129.6735,6.483675,19.1441091,106.18,34.4332468,27.384054,716.400727,13.97,"3.9112338",0.03582004,NA,NA,20,52,43,5,5,11,5,11,-38,NA,NA,NA
"23","Cambe","PST","12/04/2022",NA,38.51818,12.8393939,"16.23636",NA,59.7708,2.98854,7.7587774,22.29,4.7575,35.529642,186.1028778,4.232872,"2.7254632",0.009305144,NA,NA,32,180,179,12,6,39,12,25,-90,NA,NA,NA
"24","Cianorte","PCT","06/10/2022",20000,47.8,98.89,"43.2",NA,1.72,0.09,0.18,1.93,0.94,47.71,0.46,0.53,"0.23",0.023,21,25,23,117,117,22,3,4,21,NA,NA,NA,NA,NA
"25","Cianorte","PST","06/10/2022",20000,47.8,24.51,"51.6",NA,72.14,3.61,7.55,33.88,9.47,44.19,95.96,3.88,"1.08",4.79,21,25,23,117,117,22,3,4,21,NA,NA,NA,NA,NA
"26","DoisVizinhos","PCT","10/10/2022",19230,19.63672788,19.63672788,"29.51318865","854.2815574",1.12194225,0.058343331,0.297113303,1.561,0.527296429,19.57838455,0.633158755,0.922398158,"0.278406089",0.032925572,10,15,15,35,26,16,1,6,26,2,3,NA,NA,NA
"27","DoisVizinhos","PCT","10/10/2022",19230,9.876460768,13.16861436,"17.42904841","228.717521",0.015087,0.000784555,0.00794369,0.125725,0.017960714,9.875676213,0.002703374,0.17918567,"0.025597953",0.000140581,0,25,25,35,2,32,7,7,2,1,0,NA,NA,NA
"28","DoisVizinhos","PCT","10/10/2022",19230,27.42170284,19.35649612,"32.30183639","1267.839983",1.545552,0.080371919,0.293096017,3.6136,0.920973913,27.34133092,0.127204821,0.26852236,"0.084698113",0.006614915,10,45,45,85,20,79,34,36,20,6,5,NA,NA,NA
"29","DoisVizinhos","PCT","11/10/2022",19230,56.81869783,19.4806964,"32.30183639","2615.679954",43.53634725,2.263980616,3.984569697,26.049,5.093737302,54.55471721,2.505369978,0.400441739,"0.098031621",0.13028445,110,95,95,175,179,140,45,32,179,21,123,NA,NA,NA
"30","DoisVizinhos","PCT","13/10/2022",19230,17.20638978,9.832222729,"16.86900958","365.3152521",1.908756,0.099259282,0.576874543,3.6136,0.931545455,17.10713049,0.220726037,0.207368523,"0.076129652",0.011478213,10,45,55,70,21,72,17,20,21,16,5,NA,NA,NA
"31","DoisVizinhos","PCT","30/10/2022",19230,6.344113842,15.22587322,"12.68822768","109.6042497",0.25688625,0.013358619,0.210567144,0.6996,0.172492188,6.330755223,0.013817735,0.141942286,"0.037472117",0.000718551,6,10,10,25,15,17,7,10,15,4,2,NA,NA,NA
"32","DoisVizinhos","PCT","31/10/2022",19230,18.87373868,9.059394567,"24.1076326","595.627467",0.701175,0.036462558,0.193192028,1.0828,0.294801563,18.83727612,0.051640695,0.112734188,"0.032983266",0.002685424,10,30,20,35,27,30,10,10,27,12,0,NA,NA,NA
"33","DoisVizinhos","PCT","10/07/2023",19230,22.53201521,10.39939164,"22.53201521","613.8630818",0.979192014,0.050920022,0.225989647,0.6996,0.20595585,22.48109519,NA,NA,NA,NA,8,80,80,130,38,99,19,19,38,1,NA,NA,NA,NA
"34","DoisVizinhos","PCT","10/07/2023",19230,31.78623574,12.30434932,"24.9461597","1073.146979",12.66118319,0.658407862,2.07136154,6.694,2.428941786,31.12782788,NA,NA,NA,NA,33,60,45,90,98,54,9,20,98,40,NA,NA,NA,NA
"35","DoisVizinhos","PCT","10/07/2023",19230,21.12376426,14.08250951,"16.49665399","460.330965",5.928635436,0.308301375,1.459500167,3.203625,1.10445759,20.81546288,NA,NA,NA,NA,39,40,40,90,79,83,43,26,79,16,NA,NA,NA,NA
"36","DoisVizinhos","PCT","10/07/2023",19230,40.03456274,17.15766974,"41.04045627","2410.565023",23.58822871,1.226636958,3.063944938,20.9188,4.796539133,38.80792578,NA,NA,NA,NA,29,40,40,65,107,54,14,19,107,72,NA,NA,NA,NA
"37","DoisVizinhos","PCT","12/08/2023",19230,13.80890208,41.42670623,NA,NA,0.432361875,0.022483717,0.162820453,0.6996,0.170358929,13.78641836,NA,NA,NA,NA,8,10,10,20,17,14,4,10,17,8,NA,NA,NA,NA
"38","DoisVizinhos","PST","18/08/2022",19230,6.961589404,9.282119205,"12.1183223","106.3970224",1.44041683,0.074904671,1.075970831,1.593201163,0.545612436,6.886684733,0.178867854,0.313428042,"0.088661599",0.0093015,18,15,5,25,32,18,13,11,32,5,12,NA,NA,NA
"39","DoisVizinhos","PST","18/08/2022",19230,9.926710817,8.508609272,"11.34481236","134.7521717",2.93065315,0.15240006,1.535252337,2.292002066,0.81407032,9.774310757,0.155837119,0.090845339,"0.034352897",0.008103854,18,35,25,60,48,50,25,27,48,22,8,NA,NA,NA
"40","DoisVizinhos","PST","10/10/2022",19230,37.41435726,12.82777963,"32.30183639","8671.028868",3.767134965,0.195898854,0.523592729,4.140954617,1.016546866,37.21845841,0.185053626,0.254161742,"0.042503701",0.009623173,18,85,25,60,52,41,16,20,52,19,9,NA,NA,NA
"41","DoisVizinhos","PST","10/10/2022",19230,56.70250417,56.70250417,"29.51318865","854.2815574",3.601095905,0.187264478,0.330257861,3.513025,0.816765209,56.5152397,0.405242248,0.466492171,"0.094514496",0.02107344,18,15,15,35,66,25,10,18,66,46,7,NA,NA,NA
"42","DoisVizinhos","PST","10/10/2022",19230,9.876460768,13.16861436,"17.42904841","228.717521",0.63110175,0.032818604,0.332291137,0.7381,0.299215,9.843642164,0.028631193,0.068327941,"0.032360561",0.001488882,10,25,25,35,27,50,25,30,27,37,5,NA,NA,NA
"43","DoisVizinhos","PST","10/10/2022",19230,27.42170284,19.35649612,"32.30183639","1267.839983",5.311600472,0.276214273,1.007283445,4.9969,1.72904633,27.14548856,0.585334893,0.456085956,"0.090461935",0.030438632,15,45,45,85,40,80,35,40,40,25,6,NA,NA,NA
"44","DoisVizinhos","PST","11/10/2022",19230,8.946911519,8.258687556,"15.56994992","182.8741126",0.857497315,0.044591644,0.498402649,1.038404114,0.396989498,8.902319875,NA,NA,NA,NA,10,20,20,35,24,39,19,21,24,20,NA,NA,NA,NA
"45","DoisVizinhos","PST","11/10/2022",19230,56.81869783,19.4806964,"32.30183639","2615.679954",163.773363,8.516555538,14.98900162,72.5479,16.59771822,48.30214229,24.41277017,0.592203911,"0.110033213",1.269514829,89,95,95,175,175,146,51,35,175,41,6,NA,NA,NA
"46","DoisVizinhos","PST","13/10/2022",19230,17.20638978,9.832222729,"16.86900958","365.3152521",6.659779731,0.346322399,2.012754584,5.3292502,2.034095665,16.86006738,0.618530623,0.301759426,"0.085290675",0.032164879,16,45,55,70,42,78,23,27,42,38,10,NA,NA,NA
"47","DoisVizinhos","PST","30/10/2022",19230,6.344113842,15.22587322,"12.68822768","109.6042497",1.733322,0.090136349,1.420787074,1.979725,0.65125,6.253977493,0.099973687,0.147860078,"0.050236076",0.00519884,11,10,10,25,31,19,9,13,31,18,7,NA,NA,NA
"48","DoisVizinhos","PST","31/10/2022",19230,18.87373868,9.059394567,"24.1076326","595.627467",4.83642825,0.251504329,1.332562316,4.9969,1.5608875,18.62223435,0.348043924,0.181809807,"0.058002312",0.018099008,15,30,20,35,52,34,14,17,52,39,10,NA,NA,NA
"49","DoisVizinhos","PST","10/07/2023",19230,22.53201521,10.39939164,"22.53201521","671.9127279",1.344303,0.069906552,0.310254328,1.1479,0.462446875,22.46210866,NA,NA,NA,NA,13,80,80,130,42,104,24,27,42,6,NA,NA,NA,NA
"50","DoisVizinhos","PST","10/07/2023",19230,31.78623574,12.30434932,"24.9461597","1073.146979",19.9903185,1.039538144,3.270403429,10.4521,3.63653883,30.7466976,NA,NA,NA,NA,23,60,45,90,87,62,17,23,87,42,NA,NA,NA,NA
"51","DoisVizinhos","PST","10/07/2023",19230,21.12376426,14.08250951,"16.49665399","460.330965",6.41481525,0.333583736,1.579186987,3.0829,1.175712791,20.79018052,NA,NA,NA,NA,32,40,40,90,81,85,45,28,81,27,NA,NA,NA,NA
"52","DoisVizinhos","PST","10/07/2023",19230,40.03456274,17.15766974,"41.04045627","2410.565023",58.169448,3.024932293,7.555802003,38.3239,9.073807787,37.00963044,NA,NA,NA,NA,30,40,40,65,117,55,15,22,117,84,NA,NA,NA,NA
"53","DoisVizinhos","PST","11/08/2023",19230,5.91810089,14.20344214,"11.83620178","94.41454009",0.171758364,0.008931792,0.150923284,0.3716638,0.124898582,5.909169098,NA,NA,NA,NA,8,10,10,15,10,9,1,6,10,3,NA,NA,NA,NA
"54","DoisVizinhos","PST","11/08/2023",19230,2.630267062,7.890801186,NA,NA,0.16058826,0.008350924,0.317493371,0.2792728,0.0836134,2.621916139,NA,NA,NA,NA,5,10,10,15,11,15,5,5,11,6,NA,NA,NA,NA
"55","DoisVizinhos","PST","11/08/2023",19230,11.5074184,17.2611276,"21.0421","435.28",0.184026288,0.00956975,0.08316157,0.331525,0.09987478,11.49784865,NA,NA,NA,NA,5,15,15,20,15,10,5,-2,15,3,NA,NA,NA,NA
"56","DoisVizinhos","PST","12/08/2023",19230,13.80890208,41.42670623,NA,NA,3.073042083,0.15980458,1.157257685,6.1519,1.773196438,13.6490975,NA,NA,NA,NA,13,10,10,20,27,15,5,8,27,12,NA,NA,NA,NA
"57","Guarapuava","BoaPra","01/09/2019",11000,13.2,19.31707317,"23.6","6237.501324",0.07333833,0.006667121,0.050508492,0.065148,0.006021209,13.19333288,0.030637901,1.302347077,"0.04675556",0.002785264,61,51,15,41,33,18,2.999999999,10,11,5.999999999,0,0.919077127,0.032574,0.002992645
"58","Guarapuava","BoaPra","09/06/2020",11000,27.2,32.64,"34.4","18209.25779",0.064116457,0.005828769,0.021429297,0.101712271,0.008034644,27.19417123,0.045451858,1.508839112,"0.171168533",0.004131987,38,28,27,50.00000001,34.00000001,33,5.999999999,10,8.000000005,13,-7.999999995,1.033199377,0.050856136,0.144123071
"59","Guarapuava","BoaPra","09/06/2020",11000,18.2,11.49473684,"18","5257.394206",0.053834822,0.004894075,0.02689052,0.053222389,0.006230882,18.19510593,0.012103568,0.355515397,"0.036801301",0.001100324,90,59,36.99999999,95,23.99999999,66,29,31,9.999999991,0.009027778,7.999999995,1.335028914,0.026611194,0.00357259
"60","Guarapuava","BoaPra","10/06/2020",11000,7.6,26.82352942,"15.6","2028.332358",0.003421945,0.000311086,0.004093236,0.008862225,0.000919878,7.599688914,0.001777388,0.691458485,"0.061408415",0.000161581,27,19,7.999999995,16.99999999,6.999999991,15,7.000000002,8.000000005,2.999999999,2.999999999,-1.999999996,0.171919915,0.004431113,0.001273752
"61","Guarapuava","BoaPra","15/08/2020",11000,9.6,11.29411765,"14.4","2741.71721",0.053459993,0.004859999,0.050624993,0.029085135,0.007487394,9.595140001,0.020301086,1.814250665,"0.127057793",0.001845553,76,54,19,51,43,29,10,22,16,17,4.000000003,2.496901136,0.014542567,0.00027
"62","Guarapuava","BoaPra","15/08/2020",11000,5.4,8.100000001,"6.4","702.5418938",0.006618875,0.000601716,0.011142887,0.012978186,0.001114289,5.399398284,0.000992931,0.363088505,"0.01391921",9.03e-05,39,29,18,39.99999999,11,23.99999999,5.999999999,10,4.000000003,4.999999995,0,8.264815671,0.006489093,1.5e-05
"63","Guarapuava","BoaPra","18/08/2020",11000,13.6,6,"9.6","1901.422062",0.020005771,0.001818706,0.013372841,0.012978186,0.001745704,13.59818129,0.018604877,2.350288994,"0.137202321",0.001691352,73,67,29,136,31,22,7.000000002,5.999999999,13,83.00000001,0,12.97394435,0.006489093,0.000331982
"64","Guarapuava","BoaPra","04/12/2020",11000,17,20,"27.2","7364.703521",0.039280572,0.003570961,0.021005653,0.029085135,0.010071941,16.99642904,0.015044949,0.618322041,"0.152925486",0.001367723,39,22,21,51,25,31,10,17,13,1.000000003,5.999999999,4.340130371,0.014542567,0.008269086
"65","Guarapuava","BoaPra","05/12/2020",11000,15.2,16.58181818,"19.2","7992.186817",0.020291534,0.001844685,0.012136085,0.012978186,0.001496426,15.19815532,0.005003552,0.712330607,"0.041099746",0.000454868,191,185,29,55,36,18,11,5.999999999,17,1.000000003,-28.00000001,1.036786539,0.006489093,0.003589814
"66","Guarapuava","BoaPra","05/12/2020",11000,8,12.97297297,"14.8","1984.222251",0.003276062,0.000297824,0.003722797,0.012978186,0.000853141,7.999702176,0.000318195,0.113601383,"0.007454178",2.89e-05,39,17,16,37.00000001,4.000000003,36,20,22,1.999999996,2.999999999,0,0.471032985,0.006489093,0.000191133
"67","Guarapuava","BoaPra","03/10/2021",11000,12.05172365,4.51939637,"13.65861927","11287.25552",0.047990472,0.00436277,0.036200384,0.029085135,0.000569282,12.04736088,0.010075868,0.299936556,"0.005870644",0.000915988,1180,1240,90,160,45,15.00000001,74.99999999,60,15,99.99999999,0,1,0.014542567,0.000122855
"68","Guarapuava","BoaPra","23/10/2021",11000,30.98181776,6.410031261,"23.99999834","1209.599916",NA,NA,NA,NA,NA,NA,NA,NA,NA,NA,NA,365,115,290,NA,NA,NA,NA,NA,NA,NA,NA,NA,0.013854564
"69","Guarapuava","BoaPra","16/01/2022",11000,69.02273253,25.8835247,"46.71235503","57803.66771",0.224694314,0.020426756,0.029594244,0.323404717,0.011702829,69.00230577,NA,NA,NA,NA,100,85,80,160,50.00000001,95,15,15,10,25,NA,NA,0.161702358,4.245936266
"70","Guarapuava","BoaPra","25/02/2022",11000,61.34987951,43.3057973,"64.22911498","90895.09237",0.017112998,0.001555727,0.002535827,0.019014442,0.00069565,61.34832378,NA,NA,NA,NA,35,29.99999999,25,85,20,20,4.999999995,5.000000006,10,45,NA,NA,0.009507221,6.354553309
"71","Guarapuava","BoaPra","02/06/2022",11000,32.0577548,9.522105386,"16.54593796","9576.174318",7.082725585,0.643884144,2.008512911,1.605685107,0.366600703,31.41387066,NA,NA,NA,NA,200,152,58,202,140,102,44.00000001,48,54,9.999999991,NA,NA,0.802842553,0.02959219
"72","Guarapuava","BoaPra","02/06/2022",11000,35.36694239,5.076594602,"14.06404727","9678.493464",0.811925468,0.073811406,0.208701689,0.101712271,0.02211126,35.29313099,0.385708235,0.980741393,"0.13827095",0.035064385,282,250,168,418,182,156,12,32,97.99999999,134,-5.999999999,1.817722841,0.050856136,0.017896379
"73","Guarapuava","BoaPra","20/10/2022",11000,35.86440678,22.89217454,"41.71186441","28119.96749",3.457488,0.314317091,0.876403987,2.7246,0.303288421,35.55008969,NA,NA,NA,NA,30,20,18.00000001,94,60,20,1.999999996,10,16,22,NA,NA,1.3623,0.211571556
"74","Guarapuava","BoaPra","29/10/2022",11000,21.95008518,21.24201792,"42.89097104","30916.49432",1.315186881,0.119562444,0.544701502,2.326854201,0.066023438,21.83052274,NA,NA,NA,NA,142,132,12,61.99999999,26,22,10,10,10,24,NA,NA,1.163427101,0.025176485
"75","Guarapuava","BoaPra","30/10/2022",11000,37.34037479,15.13798978,"37.84497445","23334.97099",26.77860454,2.434418594,6.51953444,9.996221473,1.477847933,34.90595619,NA,NA,NA,NA,94,54,26,148,178,34.00000001,32,40,54,42,NA,NA,4.998110736,0.121939893
"76","Guarapuava","BoaPra","17/01/2023",11000,30.52210201,43.60300298,"57.06306028","32301.70779",21.46058787,1.950962534,6.391966495,10.6320725,1.611155246,28.57113948,NA,NA,NA,NA,62.00000006,38.00000001,11.99999994,41.9999999,84.0000001,27.99999993,15.99999999,24.00000005,32.0000001,46.00000009,NA,NA,5.316036248,0.427795
"77","Guarapuava","BoaPra","23/02/2023",11000,35.45652174,24.17490118,"45.58695652","26959.52993",14.60999569,1.328181427,3.745943938,7.731624808,3.290539571,34.12834031,NA,NA,NA,NA,76,48,28.00000001,88,72,48.00000001,20,28,30,10,NA,NA,3.865812404,0.223302239
"78","Guarapuava","BoaPra","23/02/2023",11000,18.09006211,15.96181951,"29.66770186","8640.622579",10.28303767,0.934821606,5.167597548,5.72639907,2.520352369,17.15524051,NA,NA,NA,NA,156,136,12,68,66,24,12.00000001,20,23.99999999,5.999999999,NA,NA,2.863199535,0.006548538
"79","Guarapuava","BoaPra","08/03/2023",11000,81.11186441,37.4362451,"84.49152542","122834.7963",355.0240631,32.27491483,39.79062134,223.2687058,60.37824204,48.83694958,NA,NA,NA,NA,92.00000002,69.99999999,58.00000003,130,96.00000005,80.00000006,22.00000003,22.00000003,42.00000005,4.000000034,NA,NA,111.6343529,15.79002171
"80","Guarapuava","BoaPra","10/07/2023",11000,99.46712329,6.939566741,"21.17260274","30969.24432",339.1163172,30.82875611,30.99391547,83.09304737,7.515875825,68.63836718,NA,NA,NA,NA,504,470,445,860,822,467,22,34,372,68.99999999,NA,NA,41.54652369,3.174341894
"81","Guarapuava","PCT","01/09/2019",11000,13.2,19.31707317,"23.6","6237.501324",0.11221572,0.010201429,0.077283554,0.189212,0.009213113,13.18979857,0.141120649,1.989609296,"0.146264348",0.01282915,60,51,15,41,31,18,2.999999999,8.999999998,7.999999995,5.999999999,0,-0.295537341,0.094606,0.002992645
"82","Guarapuava","PCT","09/06/2020",11000,27.2,32.64,"34.4","18209.25779",0.008162363,0.000742033,0.002728062,0.029085135,0.001022853,27.19925797,0.001631006,0.346339266,"0.016919632",0.000148273,35,28,27,50.00000001,11,32,4.999999995,7.000000002,2.000000007,7.000000002,-2.999999999,-3.020760891,0.014542567,0.144123071
"83","Guarapuava","PCT","09/06/2020",11000,18.2,11.49473684,"18","5257.394206",0.003893456,0.000353951,0.001944783,0.012978186,0.000450631,18.19964605,0.000841915,0.346339266,"0.007508281",7.65377e-05,88,59,36.99999999,95,3.999999992,66,29,29,1.999999996,27,-1.999999996,-3.020760891,0.006489093,0.00357259
"84","Guarapuava","PCT","10/06/2020",11000,7.6,26.82352942,"15.6","2028.332358",0.001310266,0.000119115,0.001567303,0.008735104,0.000352222,7.599880885,0.000112266,0.114242701,"0.004606561",1.0206e-05,23,19,7.999999995,16.99999999,2.999999999,10.99999999,2.999999999,4.000000003,1.000000003,2.999999999,0,0.5,0.004367552,0.001273752
"85","Guarapuava","PCT","15/08/2020",11000,9.6,11.29411765,"14.4","2741.71721",0.025304067,0.00230037,0.023962185,0.029085135,0.003543987,9.59769963,0.002568128,0.39574393,"0.01255917",0.000233466,73,54,19,51,15.00000001,26.99999999,7.999999995,19,11,8.999999998,0,20.57747678,0.014542567,0.00027
"86","Guarapuava","PCT","15/08/2020",11000,5.4,8.100000001,"6.4","702.5418938",0.008176257,0.000743296,0.013764742,0.012978186,0.001376474,5.399256704,0.000702484,0.277352984,"0.009163055",6.38622e-05,41,29,18,39.99999999,10.99999999,25,7.000000002,12,4.999999995,4.000000003,0,45.15116671,0.006489093,1.50366e-05
"87","Guarapuava","PCT","18/08/2020",11000,13.6,6,"9.6","1901.422062",0.009885355,0.000898669,0.006607858,0.019893388,0.000862596,13.59910133,0.000753133,0.182533695,"0.005434812",6.84666e-05,64,67,29,136,11,22,7.000000002,2.999999999,4.000000003,103,-8.000000005,-2.285187947,0.009946694,0.000331982
"88","Guarapuava","PCT","04/12/2020",11000,17,20,"27.2","7364.703521",0.02689024,0.002444567,0.014379808,0.029085135,0.006894933,16.99755543,0.000811539,0.048157137,"0.011711703",7.37763e-05,36.99999999,22,21,51,25,29,8.000000005,15,10.99999999,1.000000003,-7.999999995,-4.919704601,0.014542567,0.008269086
"89","Guarapuava","PCT","05/12/2020",11000,15.2,16.58181818,"19.2","7992.186817",0.009828185,0.000893471,0.005878101,0.012978186,0.000724792,15.19910653,8.07249e-05,0.008638924,"0.000547042",7.33862e-06,176,185,29,55,13.99999999,14,15,8.999999998,5.999999999,27,-13.99999999,-0.101162897,0.006489093,0.003589814
"90","Guarapuava","PCT","05/12/2020",11000,8,12.97297297,"14.8","1984.222251",NA,NA,NA,NA,NA,NA,NA,NA,NA,NA,NA,17,16,37.00000001,NA,NA,NA,NA,NA,NA,NA,NA,NA,0.000191133
"91","Guarapuava","PCT","03/10/2021",11000,12.05172365,4.51939637,"13.65861927","11287.25552",NA,NA,NA,NA,NA,NA,NA,NA,NA,NA,NA,1240,90,160,NA,NA,NA,NA,NA,NA,NA,NA,NA,0.000122855
"92","Guarapuava","PCT","23/10/2021",11000,30.98181776,6.410031261,"23.99999834","1209.599916",NA,NA,NA,NA,NA,NA,NA,NA,NA,NA,NA,365,115,290,NA,NA,NA,NA,NA,NA,NA,NA,NA,0.013854564
"93","Guarapuava","PCT","16/01/2022",11000,69.02273253,25.8835247,"46.71235503","57803.66771",0.06935081,0.006304619,0.00913412,0.213081998,0.003612021,69.01642791,NA,NA,NA,NA,100,85,80,160,15.00000001,95,15,15,10,60,NA,NA,0.106540999,4.245936266
"94","Guarapuava","PCT","25/02/2022",11000,61.34987951,43.3057973,"64.22911498","90895.09237",0.047453546,0.004313959,0.007031731,0.063890435,0.001929006,61.34556555,NA,NA,NA,NA,35,29.99999999,25,85,25.00000001,30,5.000000006,5.000000006,15.00000001,45,NA,NA,0.031945218,6.354553309
"95","Guarapuava","PCT","02/06/2022",11000,32.0577548,9.522105386,"16.54593796","9576.174318",0.629402698,0.057218427,0.178485448,0.332513133,0.032577779,32.00053637,NA,NA,NA,NA,192,152,58,202,86,90,32,40,40,58,NA,NA,0.166256566,0.02959219
"96","Guarapuava","PCT","02/06/2022",11000,35.36694239,5.076594602,"14.06404727","9678.493464",0.368918703,0.033538064,0.094828848,0.06784653,0.010046806,35.33340433,0.008966125,0.049736575,"0.00961813",0.000815102,280,250,168,418,268,106,61.99999999,30,92,44.00000001,-50,-0.015804499,0.033923265,0.017896379
"97","Guarapuava","PCT","20/10/2022",11000,35.86440678,22.89217454,"41.71186441","28119.96749",2.002176,0.182016,0.507511531,1.5101,0.175629474,35.68239078,NA,NA,NA,NA,34.00000001,20,18.00000001,94,42,16,-2.000000007,14,20,39.99999999,NA,NA,0.75505,0.211571556
"98","Guarapuava","PCT","29/10/2022",11000,21.95008518,21.24201792,"42.89097104","30916.49432",0.631335591,0.057394145,0.261475726,0.899543789,0.031693554,21.89269103,NA,NA,NA,NA,148,132,12,61.99999999,26,28,16,16,14,22,NA,NA,0.449771894,0.025176485
"99","Guarapuava","PCT","30/10/2022",11000,37.34037479,15.13798978,"37.84497445","23334.97099",3.502374831,0.318397712,0.852690188,1.75245544,0.193287794,37.02197708,NA,NA,NA,NA,80,54,26,148,160,42,24,26,39.99999999,24,NA,NA,0.87622772,0.121939893
"100","Guarapuava","PCT","17/01/2023",11000,30.52210201,43.60300298,"57.06306028","32301.70779",8.589549101,0.7808681,2.558369341,11.71842335,0.644861044,29.74123391,NA,NA,NA,NA,49.99999996,38.00000001,11.99999994,41.9999999,43.99999992,23.9999999,11.99999996,11.99999996,9.999999938,15.99999999,NA,NA,5.859211676,0.427795
"101","Guarapuava","PCT","23/02/2023",11000,34.55201863,35.74346755,"45.58695652","26571.87749",1.445544417,0.131413129,0.380334157,1.518683612,0.602310174,34.4206055,NA,NA,NA,NA,68,48,28.00000001,58,38,46,18,20,14,14,NA,NA,0.759341806,0.437954777
"102","Guarapuava","PCT","23/02/2023",11000,17.90916149,17.90916149,"29.66770186","8640.622579",4.723342579,0.42939478,2.397626378,4.306936637,1.35728235,17.47976671,NA,NA,NA,NA,154,136,12,60,56,24,12.00000001,18.00000001,18.00000001,8.000000005,NA,NA,2.153468318,0.00797097
"103","Guarapuava","PCT","08/03/2023",11000,81.11186441,37.4362451,"84.49152542","122834.7963",97.33781352,8.848892138,10.90949173,80.75994438,18.43519198,72.26297227,NA,NA,NA,NA,85.99999997,69.99999999,58.00000003,130,85.99999998,71.99999999,13.99999996,15.99999998,36,6.000000041,NA,NA,40.37997219,15.79002171
"104","Guarapuava","PCT","10/07/2023",11000,99.46712329,6.939566741,"21.17260274","30969.24432",80.07102621,7.279184201,7.318181084,17.80821432,3.177421675,92.18793909,NA,NA,NA,NA,506,470,445,860,418,469,23.99999999,36,192,153,NA,NA,8.904107158,3.174341894
"105","Guarapuava","PST","01/09/2019",11000,13.2,19.31707317,"23.6","6237.501324",0.22959537,0.020872306,0.158123533,0.1518,0.018850195,13.18,0.146036745,1.814002629,"0.114374815",0.013276068,58,51,15,41,47.00000001,19.99999999,4.999999995,7.000000002,14,14,12,0.647504151,0.0759,0.002992645
"106","Guarapuava","PST","09/06/2020",11000,27.2,32.64,"34.4","18209.25779",0.101192106,0.009199282,0.033820891,0.210816887,0.012680715,27.19,0.120989382,2.116871743,"0.095497973",0.010999035,29,28,27,50.00000001,11,28.00000001,1.000000003,1.000000003,8.000000005,19,0,0.666666667,0.105408443,0.144123071
"107","Guarapuava","PST","09/06/2020",11000,18.2,11.49473684,"18","5257.394206",0.236528736,0.021502612,0.118146222,0.101712271,0.027376011,18.18,0.071935956,1.17326796,"0.110213637",0.006539632,94,59,36.99999999,95,56,64,27,35,28,0.003472222,4.000000003,1.179723381,0.050856136,0.00357259
"108","Guarapuava","PST","10/06/2020",11000,7.6,26.82352942,"15.6","2028.332358",0.156850383,0.014259126,0.187620075,0.523578776,0.042164081,7.59,0.106418414,1.660746221,"0.142896452",0.009674401,25,19,7.999999995,16.99999999,22,13,5.000000006,5.999999999,4.999999995,14,2.000000007,5.196614263,0.261789388,0.001273752
"109","Guarapuava","PST","15/08/2020",11000,9.6,11.29411765,"14.4","2741.71721",0.092611313,0.00841921,0.087700107,0.084034176,0.012970772,9.59,0.09096914,2.745613961,"0.219651566",0.008269922,68.99999999,54,19,51,47.00000001,25,5.999999999,15,13,17,4.000000003,1.890290024,0.042017088,0.00027
"110","Guarapuava","PST","15/08/2020",11000,5.4,8.100000001,"6.4","702.5418938",0.041701698,0.003791063,0.070204878,0.053222389,0.007020488,5.3962,0.023534682,1.33995902,"0.120526051",0.002139517,27,29,18,39.99999999,23,16,1.999999996,1.999999996,8.000000005,8.999999998,4.000000003,-0.789242564,0.026611194,1.50366e-05
"111","Guarapuava","PST","18/08/2020",11000,13.6,6,"9.6","1901.422062",0.14565587,0.013241443,0.09736355,0.101712271,0.012709936,13.59,0.105397454,2.145891138,"0.558448546",0.009581587,67,67,29,136,127,13.99999999,15.00000001,0,15.00000001,127,-76.00000001,0.24167303,0.050856136,0.000331982
"112","Guarapuava","PST","04/12/2020",11000,17,20,"27.2","7364.703521",0.062793984,0.005708544,0.033579671,0.06784653,0.016101022,16.99,0.100250782,3.061011682,"0.672263154",0.009113707,39.99999999,22,21,51,31.00000001,35,14,18,12,7.000000002,4.000000003,6.411732099,0.033923265,0.008269086
"113","Guarapuava","PST","05/12/2020",11000,15.2,16.58181818,"19.2","7992.186817",0.051135917,0.00464872,0.030583683,0.040258032,0.003771085,15.195,0.009020401,0.784092313,"0.037068387",0.000820036,194,185,29,55,41,46,17,8.999999998,26,2.000000007,8.000000005,12.48173635,0.020129016,0.003589814
"114","Guarapuava","PST","05/12/2020",11000,8,12.97297297,"14.8","1984.222251",0.008225707,0.000747792,0.009347394,0.019893388,0.002142111,7.9993,0.000302644,0.077023886,"0.005082543",2.75131e-05,34.00000001,17,16,37.00000001,10.99999999,30,14,17,2.999999999,3.999999992,0,4.571221021,0.009946694,0.000191133
"115","Guarapuava","PST","03/10/2021",11000,12.0517,4.51939637,"13.7","11287.25552",0.300715062,0.027337733,0.226836706,0.06784653,0.003567201,12.02,0.121489584,0.904610884,"0.028319403",0.011044508,1195,1240,90,160,145,25,65,45,45,15,0,4.750745821,0.033923265,0.000122855
"116","Guarapuava","PST","23/10/2021",11000,30.9818,6.410031261,"24","1209.599916",0.137815785,0.012528708,0.040438904,0.086454,0.001104293,30.97,0.001722331,0.035687438,"0.000254074",0.000156576,380,365,115,290,35,125,10,15,15,140,-25,4.436924152,0.043227,0.013854564
"117","Guarapuava","PST","16/01/2022",11000,69.0227,25.8835247,"46.7","57803.66771",2.03778835,0.185253486,0.268394889,2.93459278,0.10613481,68.84,NA,NA,NA,NA,100,85,80,160,80,95,15,15,25,10,NA,NA,1.46729639,4.245936266
"118","Guarapuava","PST","25/02/2022",11000,61.3499,43.3057973,"64.2","90895.09237",0.40724267,0.037022061,0.060345776,0.238147186,0.01655458,61.313,NA,NA,NA,NA,25,29.99999999,25,85,54.99999999,10,15,4.999999995,15,25.00000001,NA,NA,0.119073593,6.354553309
"119","Guarapuava","PST","02/06/2022",11000,32.0578,9.522105386,"16.5","9576.174318",8.469452648,0.769950241,2.401759716,2.002015695,0.438377466,31.29,NA,NA,NA,NA,204,152,58,202,134,98.00000001,40,-52,52,9.999999991,NA,NA,1.001007847,0.02959219
"120","Guarapuava","PST","02/06/2022",11000,35.3669,5.076594602,"14.1","9678.493464",1.905084946,0.173189541,0.489693281,0.210816887,0.051881398,35.19,0.055839033,0.225108672,"0.013344424",0.005076276,324,250,168,418,308,266,98.00000001,74,146,14,120,-0.429996173,0.105408443,0.017896379
"121","Guarapuava","PST","20/10/2022",11000,35.8644,22.89217454,"41.7","28119.96749",6.037752001,0.548886546,1.530449253,3.4777,0.529627368,35.32,NA,NA,NA,NA,38,20,18.00000001,94,77.99999999,18.00000001,0,18,29.99999999,10,NA,NA,1.73885,0.211571556
"122","Guarapuava","PST","29/10/2022",11000,21.9501,21.24201792,"42.9","30916.49432",1.167615889,0.106146899,0.48358,1.603166463,0.058884406,21.84,NA,NA,NA,NA,144,132,12,61.99999999,58,18,5.999999999,12,13.99999999,6,NA,NA,0.801583231,0.025176485
"123","Guarapuava","PST","30/10/2022",11000,37.3404,15.13798978,"37.8","23334.97099",19.16162863,1.741966239,4.665101111,7.113391583,1.057485024,35.6,NA,NA,NA,NA,92,54,26,148,180,38,28.00000001,38,55.99999999,40,NA,NA,3.556695791,0.121939893
"124","Guarapuava","PST","17/01/2023",11000,30.5221,43.60300298,"57.06306028","32301.70779",23.99936649,2.18176059,7.148133471,21.49763745,1.801754237,28.34,NA,NA,NA,NA,58.00000003,38.00000001,11.99999994,41.9999999,74.00000002,25.99999992,13.99999997,20.00000002,12.0000001,51.99999999,NA,NA,10.74881873,0.427795
"125","Guarapuava","PST","23/02/2023",11000,34.55201863,35.74346755,"45.58695652","26765.70371",16.20675901,1.473341728,4.264126341,11.1862549,5.402253002,33.07867691,NA,NA,NA,NA,71.99999999,48,28.00000001,58,48,46,18,23.99999999,18,24,NA,NA,5.59312745,0.437954777
"126","Guarapuava","PST","23/02/2023",11000,17.90916149,17.90916149,"29.66770186","8766.763452",10.57693131,0.96153921,5.368979506,8.186968656,3.672545594,16.94762228,NA,NA,NA,NA,156,136,12,60,46,28,16,20,16,2.000000007,NA,NA,4.093484328,0.00797097
"127","Guarapuava","PST","08/03/2023",11000,81.11186441,37.4362451,"84.49152542","122834.7963",329.6732841,29.97029856,36.94934,193.5841777,53.8681837,51.14156585,NA,NA,NA,NA,92.00000002,69.99999999,58.00000003,130,99.99999994,82.00000008,24.00000005,22.00000003,47.99999996,2.000000017,NA,NA,96.79208884,15.79002171
"128","Guarapuava","PST","10/07/2023",11000,99.46712329,6.939566741,"21.17260274","30969.24432",NA,NA,NA,NA,NA,NA,NA,NA,NA,NA,NA,470,445,860,NA,NA,NA,NA,NA,NA,NA,NA,NA,3.174341894
"129","PCB","PST","16/01/2023",20000,24.4,27.11111111,"46.4",NA,14.67,0.73,3.01,15.42,4.51,23.67,1.25,0.53,"0.18",0.06,22,17,17,54,72,25,8,5,22,18,13,NA,NA,NA
"130","PCB","PST","17/01/2023",20000,17.6,22.96,"32,8",NA,4.21,0.21,1.2,3.44,0.88,17.39,NA,NA,NA,NA,48,26,24,46,48,48,22,22,20,30,NA,NA,NA,NA
"131","PCB","PST","17/01/2023",20000,29.2,25.76,"42",NA,92.8,4.64,15.89,42.06,11.9,24.56,NA,NA,NA,NA,34,34,32,66,96,56,24,0,10,52,NA,NA,NA,NA
"132","PCB","PST","17/01/2023",20000,10.8,10.125,"60",NA,24.12,1.21,11.17,16.32,5.74,9.59,NA,NA,NA,NA,12,6,4,62,62,10,8,6,8,40,NA,NA,NA,NA
"133","PCB","PST","17/01/2023",20000,18.8,18.8,"30",NA,19.77,0.99,5.26,8.87,3.3,17.81,NA,NA,NA,NA,18,10,8,60,88,44,36,8,12,34,NA,NA,NA,NA
"134","PontaGrossa","PCT","02/09/2023",16037,14.88,11.9,"17.58",NA,0.09,0.005,0.04,0.17,NA,14.87,0.01,0.24,"0.12",0.000831244,41,35,35,70,16,41,6,6,8,-26,7,179.19,NA,NA
"135","PontaGrossa","PST","17/02/2023",14763,17.19,11.46,"18.23",NA,0.35,0.0239,0.13922,0.65,NA,17.16,NA,NA,NA,NA,54,39.99999999,39.99999999,85,21,49,9,14,1,-21,NA,NA,0.09,NA
"136","PontaGrossa","PST","02/03/2023",14763,14.3,19.07,"27.17",NA,0.37,0.02,0.17,0.47,NA,14.27,NA,NA,NA,NA,19,10,10,45,19,19,9,9,7,-14,NA,NA,0.07,NA
"137","PontaGrossa","PST","03/03/2023",14763,7.864485981,0.003276869,"15.25233645",NA,0.479044963,0.032449025,0.412601987,0.70625,NA,7.832036956,NA,NA,NA,NA,20.1,4.999999995,4.999999995,35,45.99999999,15.1,10.1,15.10000001,10,-16.09999999,NA,NA,0.067888821,NA
"138","PontaGrossa","PST","03/03/2023",14763,27.33,29.81,"19.59",NA,3.91,0.2649,0.96913,3.12,NA,27.06,NA,NA,NA,NA,39,19.99999999,19.99999999,50,62,39,19,19,21,-25,NA,NA,0.47,NA
"139","PontaGrossa","PST","03/03/2023",14763,14.35,19.13,"27.33",NA,1.08,0.0735,0.51196,0.72,NA,14.27,NA,NA,NA,NA,36,15,15,40,46,36,21,21,10,-17,NA,NA,0.1,NA
"140","PontaGrossa","PST","16/04/2023",14763,45.09,28.48,"49.56",NA,0.03,0.002,0.004,0.04,NA,45.09,0.002,0.1,"0.038363057",0.000132602,80,60,60,90,26,80,20,20,15,-1,0,17.42,NA,NA
"141","PontaGrossa","PST","18/04/2023",14763,10.97,14.63,"19.64",NA,0.04,0.003,0.03,0.1,NA,10.97,0.02,0.52,"0.2",0.001143732,16,10,10,40,12,16,6,6,6,-18,0,236.03,NA,NA
"142","PontaGrossa","PST","11/07/2023",14763,10.96,14.61,"18.19",NA,0.29,0.02,0.18,0.51,NA,10.94,0.15,0.59,"0.41",0.009945787,NA,15.00000001,15.00000001,45,25,NA,-15,NA,NA,5,NA,NA,NA,NA
"143","PontaGrossa","PST","27/07/2023",14763,13.33,17.78,"17.42",NA,0.73,0.049,0.37,0.55,NA,13.29,1.78,5.72,"1.75",0.120406715,22,20,20,40,37,17,-3,2,11,8,-5,5151.17,NA,NA
"144","PontaGrossa","PST","11/08/2023",14763,11.8,6.74,"9.08",NA,0.15,0.01,0.08,0.16,NA,11.79,0.05,0.64,"0.23",0.003486654,75,50,50,100,36,65,15,25,11,-5,0,487.74,NA,NA
"145","PontaGrossa","PST","24/08/2023",14763,10.67,21.33,"21.33",NA,3.14,0.213,1.99,9.92,NA,10.45,21.58,5.13,"1.42",1.461661425,20,15,15,25,17,20,5,5,5,7,0,4601.37,NA,NA
"146","PontaGrossa","PST","02/09/2023",14763,14.88,11.9,"17.58",NA,0.63,0.042,0.29,1.6,NA,14.83,0.88,1.98,"0.68",0.059850016,44,35,35,70,26,44,9,9,19,-24,0,-69.44,NA,NA
"147","Toledo","PCT","11/12/2019",8000,42,31.5,"77.81","86061.02",1.82,0.23,0.6,3.19,1.24,41.77,1.9,1.72,"0.76",0.24,NA,NA,NA,NA,NA,NA,NA,NA,NA,NA,NA,NA,NA,NA
"148","Toledo","PCT","22/05/2020",8000,173,11.53,"*","*",11.78,1.47,0.85,8.05,0.37,171.53,20.98,6.11,"0.62.",2.62,NA,NA,NA,NA,NA,NA,NA,NA,NA,NA,NA,NA,NA,NA
"149","Toledo","PCT","17/01/2021",8000,58,25.14,"38.56","71090.99",0.28,0.03,0.06,0.19,0.07,57.97,0.08,0.4,"0.03",0.01,NA,NA,NA,NA,NA,NA,NA,NA,NA,NA,NA,NA,NA,NA
"150","Toledo","PCT","15/10/2021",8000,72.2,10.07,"27.20","44221.87",2.8,0.35,0.48,1.46,0.15,71.85,1.09,0.97,"0.35",0.14,NA,NA,NA,NA,NA,NA,NA,NA,NA,NA,NA,NA,NA,NA
"151","Toledo","PCT","23/10/2021",8000,27.1,31.03,"50.26","52492.04",2.16,0.27,0.9,2.39,0.48,26.83,1.53,1.4,"0.52",0.19,NA,NA,NA,NA,NA,NA,NA,NA,NA,NA,NA,NA,NA,NA
"152","Toledo","PCT","12/04/2022",8000,57.2,31.48,"63.33","86101.54",8.97,1.12,1.75,3.88,1.44,56.08,2.42,0.79,"0.24",0.3,NA,NA,NA,NA,NA,NA,NA,NA,NA,NA,NA,NA,NA,NA
"153","Toledo","PCT","22/04/2022",8000,23.86,13.25,"36.06","17533.31",0.64,0.08,0.33,0.62,0.23,23.78,0.11,0.25,"0.13",0.01,NA,NA,NA,NA,NA,NA,NA,NA,NA,NA,NA,NA,NA,NA
"154","Toledo","PCT","23/04/2022",8000,36.94,18.17,"51.07","37536.27",5.47,0.68,1.85,6.65,1.38,36.26,NA,NA,"",NA,NA,NA,NA,NA,NA,NA,NA,NA,NA,NA,NA,NA,NA,NA
"155","Toledo","PCT","21/09/2022",8000,11,4.5,"21.75","1222.45",0.25,0.03,0.27,2.24,0.1,10.97,0.01,0.03,"0.23",0,NA,NA,NA,NA,NA,NA,NA,NA,NA,NA,NA,NA,NA,NA
"156","Toledo","PCT","06/10/2022",8000,27.8,32.8,"52.57","42945.02",2.81,0.35,1.39,3.84,1.13,27.45,NA,NA,"",NA,NA,NA,NA,NA,NA,NA,NA,NA,NA,NA,NA,NA,NA,NA
"157","Toledo","PCT","10/10/2022",8000,20.1,30.36,"37.60","10440.18",6.8,0.85,4.23,5.11,1.83,19.25,1.94,0.99,"0.19",0.24,NA,NA,NA,NA,NA,NA,NA,NA,NA,NA,NA,NA,NA,NA
"158","Toledo","PCT","11/10/2022",8000,30.9,16.74,"25.08","18490.39",5.15,0.64,2.08,2.83,0.8,30.26,0.92,0.47,"0.18",0.11,NA,NA,NA,NA,NA,NA,NA,NA,NA,NA,NA,NA,NA,NA
"159","Toledo","PCT","11/10/2022",8000,10.7,13.3,"26.79","11314.89",5.06,0.63,2.69,2.45,0.96,10.07,0.72,8.57,"0.54",0.09,NA,NA,NA,NA,NA,NA,NA,NA,NA,NA,NA,NA,NA,NA
"160","Toledo","PCT","20/10/2022",8000,10.1,38.03,"20.20","5069.5",0.39,0.05,0.49,0.35,0.24,10.05,2.64,8.57,"5.17",0.33,NA,NA,NA,NA,NA,NA,NA,NA,NA,NA,NA,NA,NA,NA
"161","Toledo","PCT","20/10/2022",8000,17,73.2,"34.00","17114.58",10.95,1.37,8.05,13.31,2.95,15.63,62.51,15.93,"3.49",7.81,NA,NA,NA,NA,NA,NA,NA,NA,NA,NA,NA,NA,NA,NA
"162","Toledo","PCT","20/10/2022",8000,12.1,21.61,"24.79","8111.76",5.19,0.65,5.21,3.58,1.45,11.45,27.6,16.07,"3.26",3.45,NA,NA,NA,NA,NA,NA,NA,NA,NA,NA,NA,NA,NA,NA
"163","Toledo","PCT","20/10/2022",8000,36.8,9.62,"23.73","19558.18",2.56,0.32,5.21,3.64,1.26,36.48,41.18,8,"2.33",5.15,NA,NA,NA,NA,NA,NA,NA,NA,NA,NA,NA,NA,NA,NA
"164","Toledo","PCT","31/10/2022",8000,20.4,26.71,"34.77","14528.27",2.56,0.32,1.56,1.78,0.48,20.08,NA,NA,"",NA,NA,NA,NA,NA,NA,NA,NA,NA,NA,NA,NA,NA,NA,NA
"165","Toledo","PCT","31/10/2022",8000,18.2,17.7,"28.60","13214.04",4.66,0.58,3.2,2.29,1.08,17.62,1.41,0.62,"0.20",0.18,NA,NA,NA,NA,NA,NA,NA,NA,NA,NA,NA,NA,NA,NA
"166","Toledo","PCT","13/11/2022",8000,42.7,31.7,"62.44","68984.4",4.48,0.56,1.3,4.29,1.29,42.14,2.07,1.1,"0.18",0.26,NA,NA,NA,NA,NA,NA,NA,NA,NA,NA,NA,NA,NA,NA
"167","Toledo","PCT","15/02/2023",8000,16,18.39,"27.87","",0,0,0,0,0,16,0,0,"0.00",0,NA,NA,NA,NA,NA,NA,NA,NA,NA,NA,NA,NA,NA,NA
"168","Toledo","PCT","10/07/2023",8000,20.4,17,"31.20","",0.35,0.04,0.21,0.37,0.18,20.36,0.1,0.5,"0.17",0.01,NA,NA,NA,NA,NA,NA,NA,NA,NA,NA,NA,NA,NA,NA
"169","Toledo","PCT","02/09/2023",8000,50.4,42,"46.70","",2.36,0.3,0.6,2.64,1,50.1,NA,NA,"",NA,NA,NA,NA,NA,NA,NA,NA,NA,NA,NA,NA,NA,NA,NA
"170","","","",NA,NA,NA,"","",NA,NA,NA,NA,NA,NA,NA,NA,"",NA,NA,NA,NA,NA,NA,NA,NA,NA,NA,NA,NA,NA,NA,NA
"171","Toledo","PST","11/12/2019",8000,42,31.5,"77.81","86061.02",6.63,0.83,1.97,10.76,3.69,41.17,19.9,9.71,"3.53",2.49,NA,NA,NA,NA,NA,NA,NA,NA,NA,NA,NA,NA,NA,NA
"172","Toledo","PST","22/05/2020",8000,173,11.53,NA,NA,17.77,2.22,1.28,16.14,0.56,170.78,102.67,14.39,"2.22",12.83,NA,NA,NA,NA,NA,NA,NA,NA,NA,NA,NA,NA,NA,NA
"173","Toledo","PST","17/01/2021",8000,58,25.14,"38.56","71090.99",0.21,0.03,0.04,0.26,0.06,57.97,0.53,4.55,"2.2",0.07,NA,NA,NA,NA,NA,NA,NA,NA,NA,NA,NA,NA,NA,NA
"174","Toledo","PST","15/10/2021",8000,72.2,10.07,"27.2","44221.87",7.09,0.89,1.23,3.6,0.35,71.31,4.97,2.28,"0.84",0.62,NA,NA,NA,NA,NA,NA,NA,NA,NA,NA,NA,NA,NA,NA
"175","Toledo","PST","23/10/2021",8000,27.1,31.03,"43.89","52492.04",3.27,0.41,1.36,7.35,0.99,26.69,2.25,1.42,"0.7",0.28,NA,NA,NA,NA,NA,NA,NA,NA,NA,NA,NA,NA,NA,NA
"176","Toledo","PST","12/04/2022",8000,57.2,31.48,"56","86101.54",26.76,3.34,5.22,12.08,4.64,53.86,18.72,3.43,"0.65",2.34,NA,NA,NA,NA,NA,NA,NA,NA,NA,NA,NA,NA,NA,NA
"177","Toledo","PST","22/04/2022",8000,21.3,13.25,"36.06","17533.31",1.56,0.2,0.82,2.95,0.62,21.1,0.96,1.66,"0.51",0.12,NA,NA,NA,NA,NA,NA,NA,NA,NA,NA,NA,NA,NA,NA
"178","Toledo","PST","23/04/2022",8000,32.4,18.17,"51.07","37536.27",13.19,1.65,4.46,6.5,4.23,30.75,NA,NA,NA,NA,NA,NA,NA,NA,NA,NA,NA,NA,NA,NA,NA,NA,NA,NA
"179","Toledo","PST","21/09/2022",8000,11,4.5,"21.75","1222.45",1,0.12,1.09,1.18,0.64,10.88,0.19,0.47,"0.15",0.02,NA,NA,NA,NA,NA,NA,NA,NA,NA,NA,NA,NA,NA,NA
"180","Toledo","PST","06/10/2022",8000,27.8,32.8,"52.37","42945.02",5.63,0.7,2.51,9.48,2.13,27.1,NA,NA,NA,NA,NA,NA,NA,NA,NA,NA,NA,NA,NA,NA,NA,NA,NA,NA
"181","Toledo","PST","10/10/2022",8000,20.1,30.36,"37.6","10440.18",10.89,1.36,6.77,8.73,3.24,18.74,4.89,3.06,"0.42",0.61,NA,NA,NA,NA,NA,NA,NA,NA,NA,NA,NA,NA,NA,NA
"182","Toledo","PST","11/10/2022",8000,30.9,16.74,"25.8","18490.39",7.22,0.9,2.91,5.41,1.2,30,1.38,0.45,"0.14",0.17,NA,NA,NA,NA,NA,NA,NA,NA,NA,NA,NA,NA,NA,NA
"183","Toledo","PST","11/10/2022",8000,20.7,13.3,"26.79","11314.89",5.89,0.74,3.13,3.1,1.39,19.96,0.75,0.58,"0.1",0.09,NA,NA,NA,NA,NA,NA,NA,NA,NA,NA,NA,NA,NA,NA
"184","Toledo","PST","20/10/2022",8000,10.1,38.03,"20.2","5069.5",1.32,0.16,1.63,1.66,0.73,9.94,5.33,7.21,"3.6",0.67,NA,NA,NA,NA,NA,NA,NA,NA,NA,NA,NA,NA,NA,NA
"185","Toledo","PST","20/10/2022",8000,16.9,73.2,"34","17114.58",20.05,2.51,14.79,30.19,5.59,14.39,292.8,26.88,"7.1",36.6,NA,NA,NA,NA,NA,NA,NA,NA,NA,NA,NA,NA,NA,NA
"186","Toledo","PST","20/10/2022",8000,12.1,21.61,"24.79","8111.76",5.7,0.71,9.91,7.78,2.75,11.39,56.08,15.61,"7.82",7.01,NA,NA,NA,NA,NA,NA,NA,NA,NA,NA,NA,NA,NA,NA
"187","Toledo","PST","20/10/2022",8000,36.8,9.62,"23.73","19558.18",25.58,3.2,8.64,6.21,2.07,33.6,121.55,15.03,"3.72",15.19,NA,NA,NA,NA,NA,NA,NA,NA,NA,NA,NA,NA,NA,NA
"188","Toledo","PST","31/10/2022",8000,20.4,26.71,"34.73","14528.27",3.86,0.48,2.26,3.99,1.44,19.92,NA,NA,NA,NA,NA,NA,NA,NA,NA,NA,NA,NA,NA,NA,NA,NA,NA,NA
"189","Toledo","PST","31/10/2022",8000,18.2,17.7,"28.6","13214.04",5.59,0.7,3.84,4.23,1.55,17.5,7.23,3.23,"1.15",0.9,NA,NA,NA,NA,NA,NA,NA,NA,NA,NA,NA,NA,NA,NA
"190","Toledo","PST","13/11/2022",8000,42.7,31.7,"62.44","68984.4",7.06,0.88,2.05,11.97,3.1,41.82,5.88,2.09,"0.54",0.73,NA,NA,NA,NA,NA,NA,NA,NA,NA,NA,NA,NA,NA,NA
"191","Toledo","PST","15/02/2023",8000,16,19.36,"27.87",NA,0.54,0.07,0.43,0.87,0.5,15.93,0.22,0.6,"0.17",0.03,NA,NA,NA,NA,NA,NA,NA,NA,NA,NA,NA,NA,NA,NA
"192","Toledo","PST","10/07/2023",8000,20.4,16.98,"31.2",NA,1.55,0.19,0.95,1.46,0.54,20.21,0.7,0.61,"0.35",0.09,NA,NA,NA,NA,NA,NA,NA,NA,NA,NA,NA,NA,NA,NA
"193","Toledo","PST","02/09/2023",8000,50.4,21.36,"46.6",NA,2.71,0.34,0.67,4.91,1.41,50.06,NA,NA,NA,NA,NA,NA,NA,NA,NA,NA,NA,NA,NA,NA,NA,NA,NA,NA
