"","Local","Evento","A","P","Imed","I30max","EI30","Vol","VolBase","VolSup","Lamina","C","qmax","qmaxs","qmed","Ia","PS","CSSmax","CSSmed","PSesp","CentQ","CentP","Tlw","Tw","Tb","Tlp","Tlpc","Tlc","Tr","Tc","TQC","IH","qmid","Tempo.retorno"
"1","DoisVizinhos","08/06/2021",640100,36.4,8.241509434,37.99125683,4073.530445,1097.739698,905.3010541,192.4386444,0.300638407,0.82592969,89.06722101,NA,29.88743976,36.09936159,NA,NA,NA,NA,"280","150",25,265,325,235,245,290,NA,95,NA,NA,NA,NA
"2","DoisVizinhos","10/06/2021",640100,16.8,3.200653061,23.56342857,999.2279266,633.0862036,560.9347326,72.15147095,0.112719061,0.670809892,43.60951889,NA,24.1739785,16.69070951,NA,NA,NA,NA,"183","81",80,315,130,250,10,255,NA,NA,NA,NA,NA,NA
"3","DoisVizinhos","18/06/2021",640100,72.71,2.947791165,13.75635877,2303.732773,2473.360335,1559.613567,913.7467676,1.427506277,1.963228494,61.81754041,NA,21.71779609,71.28467579,NA,NA,NA,NA,"651","909",910,40,805,900,135,440,NA,25,NA,NA,NA,NA
"4","DoisVizinhos","15/07/2021",640100,21.99,4.798498749,18.82201835,933.5236614,316.4588666,294.0798085,22.37905811,0.034961816,0.158967062,19.12490712,NA,12.99046867,21.95815745,NA,NA,NA,NA,"180","122",120,275,185,295,40,155,NA,5,NA,NA,NA,NA
"5","DoisVizinhos","27/07/2021",640100,25.8,4.763076923,14.69039146,803.66186,513.4501186,485.9136083,27.53651026,0.043019076,0.166740603,18.3929341,NA,11.08992662,25.75698092,NA,NA,NA,NA,"337","101",100,325,175,315,105,350,NA,NA,NA,NA,NA,NA
"6","DoisVizinhos","14/09/2021",640100,50.4,8.172972973,19.34545455,1997.650703,721.0213181,558.275348,162.74597,0.254250851,0.504465975,55.08148898,NA,19.59916235,50.14574915,NA,NA,NA,NA,"276","171",170,370,340,245,90,150,NA,15,NA,NA,NA,NA
"7","DoisVizinhos","04/01/2022",640100,16.62,5.38938126,23.5857868,531.4875299,272.2004912,224.318078,47.8824132,0.074804582,0.450161985,14.70864705,7.817947051,9.91256225,16.5424543,17.01433123,0.206808817,0.055160477,0.026580739,"190","55",55,185,200,60,155,160,35,40,0,NA,NA,NA
"8","DoisVizinhos","13/01/2022",640100,17.7,11.8,19.97821782,460.9413092,237.2944816,190.0199171,47.27456455,0.073854967,0.417259702,19.8848349,12.2508349,10.07091597,17.62614503,20.49666336,0.331185462,0.063091827,0.032021033,"150","30",30,90,110,45,110,125,40,25,10,NA,NA,NA
"9","DoisVizinhos","14/01/2022",640100,34.6,2.162424916,10.64615385,377.1734351,503.0356822,406.7954825,96.24019978,0.15035182,0.434542831,45.74227796,30.60867796,16.68269145,34.44964818,66.86298424,0.54447795,0.08457887,0.104457091,"305","605",605,960,145,710,185,290,120,80.00000001,35,NA,NA,NA
"10","DoisVizinhos","23/03/2022",640100,60.82,9.731756522,39.50086957,3351.221888,1298.005358,692.4143319,605.5910263,0.946088152,1.555465388,91.81722073,71.94012073,46.66938051,59.87739011,175.797252,0.362143925,0.098624065,0.274640294,"180","130",130,375,270,150,95,115,85,75,35.00000001,NA,NA,NA
"11","DoisVizinhos","24/03/2022",640100,35.79,4.052227383,34.05896414,1670.052105,1018.059116,754.5375029,263.5216127,0.411688194,1.150138089,101.8362355,71.6352355,45.49515079,35.38298702,76.88033443,0.259069864,0.05479448,0.120106756,"135","270",270,530,120,220,115,65,19.99999999,45,0,NA,NA,NA
"12","DoisVizinhos","04/04/2022",640100,53.48,7.210882539,29.37448071,2122.429392,955.4213775,672.4775082,282.9438693,0.442030728,0.826523639,82.18285837,58.61435837,35.93602006,53.03868144,59.00913059,0.188455628,0.049819283,0.092187362,"185","160",160,445,205,185,95.00000001,120,90,110,50,NA,NA,NA
"13","DoisVizinhos","11/04/2022",640100,48.97,9.96031204,46.025878,3101.379413,1096.879086,740.0601304,356.8189558,0.557442518,1.138299069,55.71088891,28.68018891,33.06154488,48.41409168,54.97988544,0.259069864,0.047624612,0.08589265,"245","100",100,295,330,275,4.999999995,180,240,70,220,NA,NA,NA
"14","DoisVizinhos","12/04/2022",640100,37.37,7.118669131,26.51090573,1209.423614,1731.486427,1253.992237,477.4941896,0.745968114,1.996007426,72.94480322,41.46730322,38.08965696,36.62704483,59.51043403,0.070303373,0.03065453,0.092970527,"280","170",170,755,290,280,120,230,160,95,135,NA,NA,NA
"15","DoisVizinhos","13/04/2022",640100,10.49,10.49390019,14.36007394,189.6773765,431.5677339,363.3063035,68.26143044,0.106641822,1.016226764,33.21370244,16.36770244,20.7352755,10.38725836,11.44809002,0.042264829,0.025538136,0.017884846,"140","25",25,60,140,50,100,125,39.99999999,90,5.000000006,NA,NA,NA
"16","DoisVizinhos","22/04/2022",640100,71.43,16.80675157,83.84089347,9266.15232,871.4875671,701.1525464,170.3350208,0.266106891,0.372549007,72.94480322,44.66280322,44.38206891,71.16258727,61.43327152,0.206808817,0.060778546,0.095974491,"135","100",100,255,125,170,50,120,85,70.00000001,55,NA,NA,NA
"17","DoisVizinhos","22/04/2022",640100,64.64,14.36380298,58.54810997,5516.332642,2673.349794,1785.773435,887.5763587,1.386621401,2.145240293,221.2267768,158.8837768,81.24859648,63.250492,474.4464588,0.738112721,0.093010616,0.741206778,"170","145",145,270,280,195,50,100,120,85,0,NA,NA,NA
"18","DoisVizinhos","03/05/2022",640100,37.23,6.981038961,60.7761039,3570.246832,1396.420573,1103.674951,292.7456222,0.457343575,1.228354701,148.6901556,114.9897556,64.20503768,36.77486422,118.0544458,0.462261223,0.057963089,0.184431254,"135","40",40,320,80,35.00000001,115,110,20,35,5.000000006,NA,NA,NA
"19","DoisVizinhos","11/05/2022",640100,7.23,3.614754098,8.43442623,65.42314824,581.862983,529.2067586,52.65622438,0.082262497,1.137871275,28.39009476,5.790094759,21.98018255,7.1472457,18.08047506,0.087985002,0.029415236,0.028246329,"180","35",35,120,145,30,165,160,15,40,4.999999995,NA,NA,NA
"20","DoisVizinhos","27/05/2022",640100,82.33,4.222152321,13.78959108,1277.376139,4563.019824,3403.448254,1159.571571,1.811547525,2.200296579,78.31185406,45.00785406,52.92205586,80.52042274,156.3860066,0.106873616,0.033352585,0.244314961,"705","545",545,1170,1095,550,330,335,375,100,355,NA,NA,NA
"21","DoisVizinhos","28/05/2022",640100,25.35,0.719112419,11.35613383,335.1260323,9466.058701,7630.328986,1835.729716,2.867879575,11.31379807,97.648199,45.71747234,58.17323186,22.48063344,275.5181276,0.049898659,0.027661253,0.43042982,"1375","695",695,2115,1840,1345,65,715,1310,260,4.999999995,NA,NA,NA
"22","DoisVizinhos","01/06/2022",640100,79.43,2.253221688,20.94736842,1754.622605,9466.058701,7630.328986,1835.729716,2.867879575,3.610782169,97.648199,45.71747234,58.17323186,76.55755902,275.5181276,0.049898659,0.027661253,0.43042982,"1375","695",695,2115,1840,1345,65,715,1310,260,4.999999995,NA,NA,NA
"23","DoisVizinhos","06/06/2022",640100,14.13,3.324789916,9.305357143,148.4020477,840.6825729,799.9679622,40.71461075,0.063606641,0.450141777,52.35708429,10.97658429,41.70782689,14.0667505,22.13815808,0.049898659,0.025059162,0.034585468,"145","80",80,255,160,105,55,80,90,30,4.999999995,NA,NA,NA
"24","DoisVizinhos","17/06/2022",640100,21.95,2.177035701,12.17969543,300.4603439,2116.40999,1968.057436,148.3525534,0.231764651,1.055789949,69.24003139,19.59203139,49.5941764,21.720012,60.92260758,0.097278436,0.027086653,0.095176703,"310","185",185,605,230,210,160,185,150,65,140,NA,NA,NA
"25","DoisVizinhos","11/07/2022",640100,30.57,3.1895901,24.49688141,926.8111592,1100.680574,803.995027,296.6855472,0.463498746,1.516341756,75.2665971,45.8390971,41.50514758,30.10340638,121.5492607,0.453503214,0.083007496,0.189891049,"175","245",245,575,250,285,125,165,50,170,10,NA,NA,NA
"26","DoisVizinhos","16/07/2022",640100,12.27,3.774898785,8.842105263,120.8341856,526.6858343,489.14478,37.54105434,0.058648734,0.478046305,30.29157823,6.322578235,23.0366739,12.20977232,14.81183557,0.066071557,0.026448344,0.023139877,"135","80",80,195,120,125,105,150,30,40,9.999999991,NA,NA,NA
"27","DoisVizinhos","18/07/2022",640100,27.91,2.96337518,17.50651163,565.0817109,1175.608508,1089.319335,86.28917282,0.134805769,0.483086212,52.30045675,18.03845675,31.26810737,27.77031051,58.91090571,0.225840936,0.043923088,0.09203391,"275","190",190,565,305,340,10,160,265,35,250,NA,NA,NA
"28","DoisVizinhos","06/08/2022",640100,60.55,3.243555041,14.43924051,948.0113411,2359.515771,1924.023465,435.4923067,0.680350425,1.123685084,78.39995416,47.00995416,34.43982356,59.86601033,172.1399481,0.272889491,0.056439041,0.268926649,"605","615",615,1120,900,865,-15,235,620,25,25,NA,NA,NA
"29","DoisVizinhos","07/08/2022",640100,35.61,2.810988508,16.08006329,650.9773404,2132.579228,1857.500192,275.0790353,0.429743845,1.20694715,60.57027501,20.83027501,43.5105335,35.17611059,80.82851258,0.057834235,0.036161947,0.12627482,"370","230",230,760,375,360,120,250,250,120,4.999999995,NA,NA,NA
"30","DoisVizinhos","16/08/2022",640100,13.71,1.337114767,4.514728682,55.77299831,1024.075811,884.0155639,140.0602471,0.218809947,1.596520541,40.10643855,16.47743855,26.80771219,13.48661641,42.27239028,0.087985002,0.037427574,0.066040291,"275","200",200,615,250,225,145,170,130,30,65,NA,NA,NA
"31","DoisVizinhos","17/08/2022",640100,26.04,4.883035782,25.52582781,835.9329475,559.9607299,496.0371696,63.92356035,0.099864959,0.383483881,55.65400026,27.50800026,29.48963142,25.94163614,35.92195465,0.225840936,0.049855787,0.056119285,"145","200",200,320,160,245,45,90,100,60,0,NA,NA,NA
"32","DoisVizinhos","17/08/2022",640100,29.39,5.782303767,15.98587196,573.4497927,2539.464947,2103.52319,435.9417573,0.681052581,2.317027302,134.5352943,70.8467943,66.39813889,28.7123249,376.0587743,0.553990325,0.111652439,0.587500038,"295","145",145,305,300,230,95,180,200,55,10,NA,NA,NA
"33","DoisVizinhos","19/09/2022",640100,45.43,2.243542435,13.46125461,986.953432,2054.494818,1776.467107,278.0277112,0.434350431,0.956050738,66.80530753,35.22980753,29.21093879,44.99738389,116.665009,0.170781368,0.045411629,0.182260598,"515","370",370,1215,480,530,175,335,340,110,55,NA,NA,NA
"34","DoisVizinhos","25/09/2022",640100,52.01,3.782608696,26.58333333,1776.530254,2852.942074,2238.776383,614.1656908,0.959483973,1.844775872,85.90715001,48.78915001,51.00053869,51.05138559,193.4243026,0.200615651,0.059657176,0.302178257,"420","255",255,825,430,325,205,275,215,175,150,NA,NA,NA
"35","DoisVizinhos","28/09/2022",640100,33.83,2.039815659,11.63937824,669.0559091,2667.421719,2391.433353,275.9883666,0.431164453,1.27461844,42.48715399,18.11815399,28.59691012,33.39577855,94.82648175,0.092594001,0.03404845,0.14814323,"740","380",380,995,780,145,650,415,90,170,65,NA,NA,NA
"36","DoisVizinhos","06/10/2022",640100,28.29,2.782401157,27.84803922,946.0399807,1146.753263,986.1164575,160.6368056,0.250955797,0.88715377,85.90715001,51.42465001,39.65368118,28.0367893,10.90034513,0.410844716,0.051430512,0.017029128,"205","285",285,610,200,300,105,120,100,25,4.999999995,NA,NA,NA
"37","DoisVizinhos","10/10/2022",640100,207.99,5.378964942,32.30183639,8819.749914,20637.46157,17023.52147,3613.940106,5.645899244,2.714548937,642.011001,529.701001,133.7126124,202.3407452,3821.108218,1.512979153,0.095521478,5.969548849,"1520","1140",1140,2320,1995,1785,105,540,1625,390,5.000000006,NA,NA,NA
"38","DoisVizinhos","13/10/2022",640100,52.63,3.737134431,40.14824281,2696.544756,3877.527445,3564.329738,313.1977073,0.489294965,0.929665186,180.6991411,70.58614107,117.265055,52.14201494,84.65632593,0.238906197,0.035387413,0.132254844,"240","195",195,845,165,250,165,220,75,65,205,NA,NA,NA
"39","DoisVizinhos","19/10/2022",640100,39.4,8.919828856,56.32156134,3341.452082,1785.966165,1508.363127,277.603038,0.433686983,1.100842637,225.6188657,140.9283657,107.6594453,38.9622238,148.5801933,0.378075776,0.065078319,0.232120283,"105","60",60,265,70,55,85,80,20,40,4.999999995,NA,NA,NA
"40","DoisVizinhos","20/10/2022",640100,38.52,2.395053643,7.587360595,295.1867038,6479.43119,5544.114812,935.3163781,1.461203528,3.79331933,158.608678,52.87867801,120.4870542,37.05924257,239.4011916,0.053828729,0.035497498,0.374005923,"410","550",550,965,560,790,105,345,305,155,120,NA,NA,NA
"41","DoisVizinhos","29/10/2022",640100,26.49,21.18934023,35.52703752,1384.429189,932.4835186,807.4985013,124.9850173,0.19525858,0.737195507,128.7359256,42.79192563,85.69988131,26.29141671,72.02466887,0.27991246,0.063383169,0.112520964,"65","40",40,75,65,65,35,60,30,25,25,NA,NA,NA
"42","DoisVizinhos","29/10/2022",640100,38.54,10.51104316,36.47865459,1935.82085,2067.060265,1494.215155,572.8451102,0.894930652,2.322053027,194.126265,122.635265,102.2607621,37.64556094,141.6344858,0.259069864,0.054318028,0.221269311,"125","75",75,220,215,55,100,80,25,40,0,NA,NA,NA
"43","DoisVizinhos","30/10/2022",640100,32.83,2.35909862,21.56998706,879.1264013,4218.398534,3846.070223,372.328311,0.5816721,1.77172744,179.8650139,85.92701394,94.80832175,32.24911703,171.8801309,0.137469634,0.03660501,0.268520748,"365","540",540,835,460,630,140,230,225,30,4.999999995,NA,NA,NA
"44","DoisVizinhos","31/10/2022",640100,23.63,3.501010972,24.1076326,695.9813375,2918.608089,2755.502118,163.1059706,0.254813264,1.078263209,180.6991411,74.66014108,119.745361,23.3770108,113.7095716,0.097278436,0.036708941,0.177643449,"170","110",110,405,55,90,145,125,25,35,0,NA,NA,NA
"45","DoisVizinhos","12/11/2022",640100,27.73,2.893353162,21.67243461,712.1964688,1413.289503,1306.647431,106.6420722,0.166602206,0.600845353,86.95425615,54.468,60.23928697,27.5613656,70.09138384,0.21307742,0.044534561,0.109500678,"170","290",290,575,290,270,155,135,15,30,15.00000001,NA,NA,NA
"46","DoisVizinhos","13/11/2022",640100,44.46,5.17984802,24.2221328,1304.008678,3303.036199,2515.011207,788.0249923,1.231096692,2.76897585,156.2166545,83.62289469,90.01652542,43.22926548,226.165716,0.301433984,0.058130991,0.353328724,"280","250",250,515,425,400,0,150,280,90,250,NA,NA,NA
"47","DoisVizinhos","21/11/2022",640100,26.3,2.176613949,30.28571429,1069.322164,1305.027887,1128.415441,176.6124455,0.275913835,1.049072041,114.5252635,61.89326354,54.20302111,26.02483805,129.6347058,0.582980069,0.066962616,0.202522584,"150","355",355,725,99.99999999,435,135,215,15,25,15,NA,NA,NA
"48","DoisVizinhos","30/11/2022",640100,73.07,13.49010989,42.51428571,4536.192205,2169.820171,1410.339037,759.4811345,1.186503881,1.623758978,215.5248691,154.3823691,79.85332461,71.88492469,424.9463007,0.674022873,0.125538462,0.663874864,"165","85",85,325,175,145,55,115,110,60,64.99999999,NA,NA,NA
"49","DoisVizinhos","12/12/2022",640100,13.75,3.055967078,16.97037037,288.406107,813.0712318,670.0001082,143.0711236,0.223513707,1.62533533,121.6953974,82.13339736,45.10264724,13.52833815,149.914712,0.738112721,0.106534844,0.234205143,"100","40",40,270,55,30,80,70,20,30,5.000000006,NA,NA,NA
"50","DoisVizinhos","18/12/2022",640100,31.12,6.328609352,35.32048193,1580.553912,686.3103186,571.2350426,115.0752759,0.179777028,0.577770207,76.91972589,45.93272589,33.97793581,30.93588562,71.26161835,0.362143925,0.069456284,0.111328884,"120","40",40,295,75,60.00000001,90,110,30,45,10,NA,NA,NA
"51","DoisVizinhos","18/12/2022",640100,29.43,5.886746988,16.81927711,653.2159188,1223.945541,836.7287121,387.2168293,0.604931775,2.055232801,264.5621049,207.6111049,68.50168618,28.82880316,328.6773944,0.804918285,0.11960041,0.513478198,"120","190",190,300,130,285,40,135,80,35,4.999999995,NA,NA,NA
"52","DoisVizinhos","18/12/2022",640100,6.73,8.073253013,10.09156627,81.50256573,582.478697,482.1930085,100.2856885,0.156671908,2.328755084,83.89925914,40.776,50.74171717,6.571038935,27.76901873,0.106873616,0.042786704,0.043382313,"70","20",19.99999999,50,70,25,50,55,20,50,5.000000006,NA,NA,NA
"53","DoisVizinhos","27/12/2022",640100,16.29,5.431372549,20.36764706,439.8837962,346.1469569,261.5761659,84.57079098,0.132121217,0.810852234,51.30242213,32.43042213,26.60252265,16.16199643,48.0586692,0.386154856,0.106596182,0.075079939,"80","50",50.00000001,180,130,65,55,70,25,110,15,NA,NA,NA
"54","DoisVizinhos","28/12/2022",640100,7.74,2.159917921,8.961764706,82.4796522,467.3159583,387.2264849,80.08947339,0.125120252,1.616602156,39.96691332,20.762,26.27130247,7.61458563,29.17089215,0.111784361,0.057112769,0.045572398,"115","50",50.00000001,215,135,70,60.00000001,80,54.99999999,70.00000001,35,NA,NA,NA
"55","DoisVizinhos","02/01/2023",640100,25.35,5.069620253,14.87088608,429.8664839,895.9621665,813.7539256,82.20824086,0.128430309,0.506666388,48.57836105,25.16436105,33.04758092,25.21967096,57.65741318,0.206808817,0.057714735,0.090075634,"185","120",120,300,275,95.00000001,155,130,30,39.99999999,5.000000006,NA,NA,NA
"56","DoisVizinhos","03/01/2023",640100,46.56,8.730821918,19.95616438,1193.959989,1675.366696,1190.442733,484.9239631,0.757575321,1.626941588,151.9458704,110.0813704,56.69322434,45.80680824,235.0744249,0.516393446,0.097314708,0.367246407,"210","165",165,320,250,120,90,45,120,40,4.999999995,NA,NA,NA
"57","DoisVizinhos","13/01/2023",640100,4.91,1.369302326,2.944,13.03695188,647.054239,533.5932261,113.4610129,0.177255137,3.612536751,73.02838802,38.99988802,36.3241275,4.72941153,103.070751,0.535041012,0.113392386,0.161022889,"120","175",175,390,135,205,50,80,70.00000001,35,10,NA,NA,NA
"58","DoisVizinhos","14/01/2023",640100,8.34,0.263410526,3.925333333,28.30929153,872.1464986,717.9915624,154.1549363,0.240829458,2.887181805,42.30568452,22.537,28.98504177,8.100503875,32.16055341,0.148271799,0.035172826,0.050243014,"210","760",760,1900,245,595,155,10,55,50.00000001,45,NA,NA,NA
"59","DoisVizinhos","10/02/2023",640100,13.92,0.922633819,2.140983607,6.192078279,512.2173945,384.5188721,127.6985224,0.19949777,1.433545053,73.50782388,41.36882388,40.23960051,13.71689567,94.32590993,0.59279419,0.142058353,0.147361209,"75","50",50,905,85,700,35,685,40,665,25,NA,NA,NA
"60","DoisVizinhos","14/02/2023",640100,22.75,2.067995529,33.7204918,1056.999935,488.6367232,392.7279506,95.90877262,0.149834046,0.658670519,66.86687699,38.66037699,35.14256563,22.59811677,56.34215255,0.370072132,0.088421906,0.08802086,"85","400",400,660,80,420,55,75,30,39.99999999,5.000000006,NA,NA,NA
"61","DoisVizinhos","23/02/2023",640100,28.13,0.620588235,39.94238683,1498.809906,2327.267797,1995.992006,331.2757912,0.517537559,1.839588478,37.29268314,22.75585998,29.57488239,27.61579577,NA,NA,NA,NA,"610","480",480,2720,755,690,300,510,310,115,290,NA,NA,NA
"62","DoisVizinhos","03/03/2023",640100,34.35,16.48916299,58.39911894,3124.854005,881.4835498,597.1392487,284.3443011,0.444218561,1.293121485,188.298089,148.624589,65.97521349,33.90820435,266.1187797,1.234780005,0.160570963,0.415745633,"80","50.00000001",50.00000001,125,75,65,55,70,25,25.00000001,4.999999995,NA,NA,NA
"63","DoisVizinhos","05/04/2023",640100,17.21,4.214367852,21.86934985,493.9804305,195.3869528,174.85292,20.5340328,0.032079414,0.186414268,24.32282786,12.694,16.58728561,17.17658932,24.61129266,0.410844716,0.102801022,0.038449137,"65","90",90,245,70.00000001,130,50,90,15.00000001,60.00000001,5.000000006,NA,NA,NA
"64","DoisVizinhos","06/04/2023",640100,39.8,2.567422351,17.56718266,776.3024221,1019.758086,756.0936113,263.6644748,0.411911381,1.035082046,76.17967208,51.31717208,30.49193202,39.38313506,108.7300806,0.462261223,0.07391699,0.16986421,"230","50.00000001",50.00000001,930,295,675,70.00000001,695,160,64.99999999,0,NA,NA,NA
"65","DoisVizinhos","13/04/2023",640100,19.94,3.62589928,18.73381295,516.7642099,306.8498429,231.1706849,75.67915805,0.118230211,0.592857119,44.76608644,30.35398644,19.10940302,19.82421583,55.89030147,0.582980069,0.123707137,0.087314953,"100","155",155,330,90,175,55,75,45,50,5,NA,NA,NA
"66","DoisVizinhos","16/04/2023",640100,16.9,4.945993031,25.8452381,604.4032279,263.6581507,218.5929377,45.06521295,0.070403395,0.416617482,44.76608644,29.45678644,17.41049913,16.82840613,31.6498637,0.287010865,0.080411837,0.049445186,"95","50",50,205,80,210,50,210,45,40,10,NA,NA,NA
"67","DoisVizinhos","17/04/2023",640100,30.09,8.398489882,30.61666667,1209.215459,652.3420576,431.5892847,220.7527729,0.344872321,1.145961237,97.80324765,73.24334765,46.70375325,29.74971642,122.7637693,0.535041012,0.127221644,0.191788423,"85","50",50,215,100,90,55,95,30,80,5,NA,NA,NA
"68","DoisVizinhos","17/04/2023",640100,17.39,9.487603306,23.60606061,549.5995471,453.4088236,341.316808,112.0920155,0.175116412,1.00676683,76.17967208,46.01767208,42.73132356,17.21882298,41.98292354,0.165040821,0.078206386,0.06558807,"60","70",70,110,70,100,40,70,20,40,10,NA,NA,NA
"69","DoisVizinhos","25/04/2023",640100,13.61,2.864561404,8.373333333,125.3429582,670.0141693,605.8620279,64.15214138,0.100222061,0.736565859,37.0972862,22.53256115,26.20687032,13.50644461,23.41837017,0.070303373,0.03273881,0.036585487,"185","190",190,285,195,290,45,145,140,60,5,NA,NA,NA
"70","DoisVizinhos","25/04/2023",640100,25.37,5.744512233,26.06506849,830.7763551,771.9107832,659.1358804,112.7749028,0.176183257,0.694455093,73.44271245,40.37071246,44.04068537,25.19381674,82.57184508,0.31615885,0.08332562,0.128998352,"115","155",155,265,75,160,90,95,25,20,0,NA,NA,NA
"71","DoisVizinhos","02/05/2023",640100,25.55,2.114606083,16.54375,503.7099225,739.0836074,605.5524079,133.5311995,0.208609904,0.816448271,66.77412541,36.14862541,35.01833917,25.34229287,67.81854096,0.238906197,0.072035502,0.105949916,"150","430",430,725,170,485,40,95,110,25,5,NA,NA,NA
"72","DoisVizinhos","07/05/2023",640100,14.69,4.100866807,16.12840909,294.4961767,473.4070793,389.2507365,84.15634282,0.131473743,0.894697355,42.51857032,19.15357032,27.05895307,14.56329898,30.35954518,0.15937571,0.055204046,0.047429379,"120","145",145,215,130,195,45,95,75,60,45,NA,NA,NA
"73","DoisVizinhos","27/05/2023",640100,39.42,5.256410256,17.17094017,791.3188798,1153.845225,792.1271728,361.7180523,0.56509616,1.433414651,74.96152258,50.77552258,31.14149193,38.85798076,124.0934786,0.394309373,0.078470167,0.193865769,"300","220",220,450,425,335,5,120,295,65,65,NA,NA,NA
"74","DoisVizinhos","11/06/2023",640100,37.97,3.142371898,7.399345794,298.1298073,1434.940694,1313.276387,121.6643078,0.190070782,0.500577153,43.76426379,18.36216379,22.73239904,37.78025632,63.62572331,0.097278436,0.03960377,0.099399661,"520","370",370,725,680,625,80,175,600,65,10,NA,NA,NA
"75","DoisVizinhos","14/06/2023",640100,29.17,0.589470121,6.577606838,170.8713854,2033.679376,1801.399571,232.2798048,0.362880495,1.244008588,38.28296138,21.68596138,25.27025364,28.80737592,56.20815235,0.106873616,0.025885519,0.087811517,"680","950",950,2969,655,465,455,30,225,75,20,NA,NA,NA
"76","DoisVizinhos","09/07/2023",640100,7.04,12.07072243,13.68015209,142.3335955,359.480733,331.3171091,28.16362382,0.043998787,0.624871404,47.68398852,36.775,41.18780549,6.997255965,NA,NA,NA,NA,"50","20",20,35,60,45,20,45,30,40,NA,NA,NA,NA
"77","DoisVizinhos","09/07/2023",640100,12.67,11.69931559,24.9461597,515.5206919,548.2584475,463.3467721,84.91167538,0.132653766,1.046639257,100.9052571,79.65425713,58.431582,12.54160479,NA,NA,NA,NA,"55","5",5,65,45,20,35,50,20,25,NA,NA,NA,NA
"78","DoisVizinhos","09/07/2023",640100,14.28,6.348305872,17.70372624,318.1323977,992.9531565,898.9166988,94.03645772,0.146909011,1.028508943,77.07679868,48.739,56.88541886,14.1367792,NA,NA,NA,NA,"115","45",45,135,135,40,90,85,25,15,NA,NA,NA,NA
"79","DoisVizinhos","10/07/2023",640100,124.73,5.179133501,41.04045627,6881.08173,13877.33504,9649.477394,4227.85765,6.604995548,5.295400677,699.4916051,45.119244,174.6529776,118.1258029,NA,NA,NA,NA,"700","760",760,1445,840,1100,25,315,725,1135,NA,NA,NA,NA
"80","DoisVizinhos","18/08/2023",640100,11.97,1.544516129,8.108709677,99.83598942,702.4285977,636.1257142,66.30288346,0.103582071,0.865347291,28.52514202,19.841,23.85465215,11.86641793,20.27104015,0.042264829,0.027814185,0.031668552,"75","300",300,465,250,415,75,40,150,95,35,NA,NA,NA
"81","DoisVizinhos","02/09/2023",640100,58.27,4.035394924,22.27513514,1477.113784,2496.963193,1939.209941,557.7532518,0.871353307,1.495286246,54.00022903,36.40822903,32.2306972,57.40199129,85.3515745,0.31615885,0.03023059,0.133341001,"581","315",315,866,786,110,536,331,45,140,20,NA,NA,NA
"82","DoisVizinhos","08/09/2023",640100,70.13,3.128433776,20.89805714,1702.633082,3708.574175,2709.142516,999.4316587,1.561368003,2.226420925,74.62708424,49.42058424,33.01602603,68.56768914,154.2807976,0.15937571,0.031491471,0.241026086,"805","370",370,1345,695,425,455,510,350,160,280,NA,NA,NA
"83","DoisVizinhos","13/09/2023",640100,20.06,2.972132132,17.30108108,436.0457888,604.6124009,546.0898653,58.52253552,0.091427176,0.455725595,72.21638047,27.777,42.56724094,19.97046472,35.08743173,0.148271799,0.044688608,0.054815547,"100","75",75,405,95,100,30,55,70,35,5,NA,NA,NA
"84","Guarapuava","03/01/2022",1180000,21.00176991,8.129717384,15.64837758,4988.441619,710.8216687,588.400997,122.4206717,0.103746332,0.493988518,17.88972848,12.51004267,7.406574329,20.89802358,NA,NA,NA,NA,"155","30.0000001",20.00000001,155,305.0000001,115,94.99999996,124.9999999,135,160,NA,NA,NA,0.0036007
"85","Guarapuava","04/01/2022",1180000,12.1480826,6.94176148,21.00176991,4015.30298,557.5043398,477.4125636,80.09177623,0.067874387,0.5587251,13.6351379,8.0515948,7.495680106,12.08020821,NA,NA,NA,NA,"170.0000001","35.00000007",10.00000008,105,369.9999999,130,120,135,140,270,NA,NA,NA,0.0002648
"86","Guarapuava","05/01/2022",1180000,8.030088496,9.636106202,10.70678466,1477.816285,183.4843365,127.704398,55.77993849,0.047271134,0.588675135,12.9170313,6.718031297,9.281942112,7.982817361,NA,NA,NA,NA,"150","45",29.99999995,49.99999996,265,99.99999993,69.99999998,105,105,265,NA,NA,NA,9.68e-05
"87","Guarapuava","05/01/2022",1180000,2.264896755,5.435752215,4.52979351,235.6678662,322.4845355,303.6102868,18.87424866,0.015995126,0.706218769,10.43155024,2.41765024,8.463999474,2.248901629,NA,NA,NA,NA,"270","140",20.00000002,24.99999999,264.9999999,124.9999999,104.9999999,130,110,279.9999999,NA,NA,NA,3e-07
"88","Guarapuava","16/01/2022",1180000,74.25172653,22.8466851,49.849749,61723.02125,5957.614119,2986.078404,2971.535716,2.518250606,3.391504446,675.3445593,582.0575593,135.2104263,71.73347593,NA,NA,NA,NA,"160","84.99999988",84.99999988,194.9999999,175,89.99999985,4.999999974,75.0000001,80.00000006,60.00000005,NA,NA,NA,4.7821103
"89","Guarapuava","19/01/2022",1180000,10.09202345,20.18404693,20.1840469,3293.551092,450.2474864,342.5921923,107.6552941,0.0912333,0.904013953,27.37151454,15.95002547,18.56198191,10.00079015,NA,NA,NA,NA,"130","35.00000006",9.999999928,29.99999995,185,14.9999999,4.999999974,94.99999997,99.99999994,160,NA,NA,NA,0.001311483
"90","Guarapuava","20/01/2022",1180000,19.78036891,23.73644271,25.43190418,8484.642896,1688.058283,1265.053275,423.0050081,0.35847882,1.812295929,131.1634378,98.64753776,42.04105486,19.42189009,NA,NA,NA,NA,"120.0000001","55.00000008",35.00000006,49.99999996,140,94.99999996,59.9999999,65.00000001,60.00000005,130,NA,NA,NA,0.021398489
"91","Guarapuava","27/01/2022",1180000,41.66754502,13.51379838,61.61477056,56274.78797,2055.469395,1622.739909,432.7294862,0.366719904,0.880109215,172.2100451,111.8050451,57.67224351,41.30082512,NA,NA,NA,NA,"250","195",30.0000001,185.0000001,125.0000001,90,59.9999999,54.99999994,60.00000005,35.00000007,NA,NA,NA,0.163496684
"92","Guarapuava","30/01/2022",1180000,13.29815257,26.59630519,22.16358688,4879.615605,471.1639952,379.2718513,91.89214391,0.077874698,0.58560539,41.62609504,18.91509504,29.72246708,13.22027787,NA,NA,NA,NA,"105","30.0000001",15.00000005,29.99999995,170.0000001,85.00000004,69.99999999,74.99999995,80.00000006,150,NA,NA,NA,0.006842365
"93","Guarapuava","30/01/2022",1180000,4.875990089,5.319261907,6.649077394,432.1968283,609.1416867,579.4027931,29.73889366,0.025202452,0.516868406,33.45163987,5.40563987,29.42807112,4.850787637,NA,NA,NA,NA,"129.9999999","34.99999993",24.99999999,185,55.00000008,115,90,94.99999996,90,160,NA,NA,NA,0.000614896
"94","Guarapuava","04/02/2022",1180000,1.426666667,5.706666648,2.377777778,51.62145675,567.7031739,554.4741866,13.22898726,0.011211006,0.785818188,20.77222185,2.767187295,18.37316404,1.415455661,NA,NA,NA,NA,"180","80.00000007",5.000000121,15.00000005,180,169.9999999,89.99999985,99.99999993,94.99999996,175,NA,NA,NA,8.61e-08
"95","Guarapuava","04/02/2022",1180000,10.7,5.136000003,8.084444444,1374.975856,662.3220952,573.8080335,88.51406165,0.075011917,0.70104595,34.8790721,14.1200721,24.28152043,10.62498808,NA,NA,NA,NA,"174.9999999","79.99999993",74.99999995,124.9999999,235.0000001,155,80.00000006,94.99999996,115,165.0000001,NA,NA,NA,9.12e-05
"96","Guarapuava","04/02/2022",1180000,2.377777778,7.133333325,4.755555556,158.3386765,462.9282418,449.6410913,13.28715048,0.011260297,0.473563893,23.23146761,1.80546761,22.04024104,2.366517481,NA,NA,NA,NA,"155","40.00000004",4.999999974,20.00000002,239.9999999,105,100.0000001,115,104.9999999,239.9999999,NA,NA,NA,7.25e-07
"97","Guarapuava","05/02/2022",1180000,2.377777778,2.038095239,2.377777778,68.31419779,564.0256788,546.0345534,17.99112537,0.015246716,0.641217046,21.83987243,2.479372426,20.00618235,2.362531061,NA,NA,NA,NA,"200","105",40.00000003,69.99999998,225,130,90,94.99999997,115,175,NA,NA,NA,3.26e-08
"98","Guarapuava","22/02/2022",1180000,15.81420805,18.97704968,19.21726591,4876.512516,1060.688611,908.86778,151.8208307,0.128661721,0.81358308,74.25903404,49.13184256,21.70822172,15.68554633,NA,NA,NA,NA,"275","205",29.99999995,49.99999996,105,99.99999994,69.99999999,69.99999999,49.99999997,105,NA,NA,NA,0.005603062
"99","Guarapuava","25/02/2022",1180000,87.27841711,13.60183124,66.86006795,95564.29174,6276.714758,3756.207038,2520.50772,2.136023492,2.447367359,348.1980778,308.1962777,108.4866183,85.14239362,NA,NA,NA,NA,"150","65.00000001",39.99999989,385,395.0000001,99.99999994,60.00000005,85.00000004,115,20.00000001,NA,NA,NA,4.50414125
"100","Guarapuava","08/03/2022",1180000,NA,NA,NA,NA,1182.700434,978.6325886,204.0678453,0.172938852,NA,62.71229387,39.34246206,27.98738832,NA,NA,NA,NA,NA,"135",NA,NA,NA,180,NA,NA,NA,85,NA,NA,NA,NA,1.91e-10
"101","Guarapuava","10/03/2022",1180000,7.714286227,23.14285882,15.42857245,3650.92819,434.0480426,365.9992802,68.04876239,0.057668443,0.747553837,40.32703942,17.21103942,95.09541513,7.656617784,NA,NA,NA,NA,"165.0000001","100.0000001",4.999999974,19.99999988,135,59.9999999,54.99999993,65.00000001,65.00000001,120.0000001,NA,NA,NA,0.000834056
"102","Guarapuava","10/03/2022",1180000,6.171428981,2.742857325,6.171428981,520.5274348,718.3798441,671.6334586,46.74638556,0.039615581,0.641919094,34.31501285,6.330512849,29.55064291,6.131813401,NA,NA,NA,NA,"140","45",29.99999995,135,255.0000001,99.99999994,69.99999999,94.99999996,110,135,NA,NA,NA,2.96e-06
"103","Guarapuava","11/03/2022",1180000,8.742857724,2.141108014,6.68571473,116.9045053,871.7713264,797.4012959,74.37003057,0.06302545,0.720879278,25.51336424,4.415364242,22.89875024,8.679832274,NA,NA,NA,NA,"260.0000001","75.0000001",45,245,450,279.9999999,234.9999999,185,220,214.9999999,NA,NA,NA,9.17e-06
"104","Guarapuava","12/03/2022",1180000,4.628571736,2.644898134,7.714286227,525.3126953,2535.704668,676.0009931,28.36141477,0.024035097,0.519276758,25.47121159,3.470792711,22.16540881,4.604536639,NA,NA,NA,NA,"380","270",15.00000005,105,250,130,115,110,115.0000001,154.9999999,NA,NA,NA,8.19e-07
"105","Guarapuava","13/03/2022",1180000,30.59999689,40.79999585,41.65713791,23882.15787,1914.488609,1372.151413,542.3371955,0.459607793,1.501986404,153.324279,112.5853695,53.27729323,30.1403891,NA,NA,NA,NA,"334.9999999","270",20.00000001,45,170.0000001,74.99999995,54.99999994,64.99999988,69.99999999,140,NA,NA,NA,0.370046578
"106","Guarapuava","14/03/2022",1180000,9.597179285,28.79153784,17.71786945,2931.98652,1356.48579,1278.843064,77.64272566,0.06579892,0.685606865,58.77337913,23.47408001,37.07150211,9.531380365,NA,NA,NA,NA,"284.9999999","230",10.00000007,20.00000001,120,55.00000007,45,54.99999994,54.99999994,110,NA,NA,NA,0.003084227
"107","Guarapuava","15/03/2022",1180000,14.02664665,14.02664667,22.63949985,5014.132673,1271.793232,1198.321643,73.47158895,0.062264058,0.443898389,53.90456726,17.07995827,38.57527855,13.96438259,NA,NA,NA,NA,"230","160",14.9999999,59.9999999,160,79.99999992,65.00000001,69.99999999,79.99999993,105,NA,NA,NA,0.001845244
"108","Guarapuava","16/03/2022",1180000,8.366771684,5.020063014,6.398119523,743.0549048,1081.159346,1038.807467,42.35187942,0.035891423,0.42897577,53.32705024,10.34117998,44.51316861,8.330880261,NA,NA,NA,NA,"120","54.99999994",49.99999997,99.99999994,140,120,69.99999998,65.00000001,69.99999999,85.00000004,NA,NA,NA,3.1e-05
"109","Guarapuava","16/03/2022",1180000,6.398119523,12.79623907,11.31974993,1114.116919,997.1926482,960.5588455,36.63380268,0.031045595,0.485230002,54.15273494,9.969734946,45.53769675,6.367073928,NA,NA,NA,NA,"79.99999992","19.99999987",14.9999999,29.99999995,130,65.00000001,50.00000011,60.00000005,65.00000001,110,NA,NA,NA,8.56e-05
"110","Guarapuava","18/03/2022",1180000,8.366769224,33.46707679,16.73353845,2333.950283,1582.153276,1445.234815,136.9184607,0.116032594,1.386826751,94.64421597,43.08522182,53.28923786,8.25073663,NA,NA,NA,NA,"125.0000001","69.99999999",9.999999938,15.00000005,99.99999993,65.00000002,55.00000008,55.00000008,45,104.9999999,NA,NA,NA,0.003430908
"111","Guarapuava","19/03/2022",1180000,30.51410604,11.44278976,34.94357094,16964.47401,3730.043916,3134.846299,595.1976169,0.50440476,1.653021588,159.5323478,98.15556782,71.05593354,30.00970128,NA,NA,NA,NA,"169.9999999","94.99999997",54.99999994,160,200,115,60.00000005,74.99999995,90,79.99999992,NA,NA,NA,0.032008837
"112","Guarapuava","24/03/2022",1180000,NA,NA,NA,NA,1483.495859,1433.928321,49.567538,0.042006388,NA,64.93634081,10.34843825,55.56728421,NA,NA,NA,NA,NA,"234.9999999",NA,NA,NA,175,NA,NA,NA,94.99999997,NA,NA,NA,NA,NA
"113","Guarapuava","24/03/2022",1180000,18.56666667,8.911999995,29.0401699,10162.00992,6784.491932,6498.637831,285.8541012,0.242249238,1.304753528,115.8305121,51.4915121,62.64751849,18.32441743,NA,NA,NA,NA,"230.0000001","160",24.99999999,125.0000001,210,85.00000004,60.00000005,70.00000013,90,90,NA,NA,NA,0.002472521
"114","Guarapuava","30/03/2022",1180000,27.13589615,25.04851952,48.08290263,23030.73334,4053.230134,3595.52242,457.7077138,0.387887893,1.429427246,163.5283025,100.3533026,67.23241701,26.74800826,NA,NA,NA,NA,"225","160",15.00000005,65.00000001,165.0000001,65.00000001,49.99999996,65.00000001,75.0000001,105,NA,NA,NA,0.081352292
"115","Guarapuava","04/04/2022",1180000,21.22529192,4.245058384,13.98372006,4815.838972,2818.695951,2438.759591,379.9363595,0.321979966,1.516963663,78.78676737,32.60511266,56.28310132,20.90331195,NA,NA,NA,NA,"255","149.9999999",54.99999994,300,405,125.0000001,70.00000013,105,140,125.0000001,NA,NA,NA,0.001367858
"116","Guarapuava","07/04/2022",1180000,20.22645459,16.18116368,18.97790669,6553.773463,1538.846025,1208.187469,330.6585559,0.280219115,1.385408965,127.1352644,65.64876437,69.48073036,19.94623548,NA,NA,NA,NA,"235.0000001","150",20.00000001,74.99999995,169.9999999,105,85.00000004,85.00000004,90,110,NA,NA,NA,0.010519724
"117","Guarapuava","07/04/2022",1180000,6.492441367,19.47732409,12.98488273,1340.890976,1719.866574,1586.144939,133.7216351,0.11332342,1.74546697,94.64421597,27.25521596,69.87111678,6.379117947,NA,NA,NA,NA,"90","15.00000005",10.00000007,20.00000001,145.0000001,55.00000008,65.00000002,74.99999995,65.00000001,145.0000001,NA,NA,NA,0.000297006
"118","Guarapuava","08/04/2022",1180000,17.22994012,25.84491025,29.96511227,10046.08206,2342.904082,1778.160983,564.7430999,0.478595847,2.777698843,198.0599503,119.664892,104.3176779,16.75134427,NA,NA,NA,NA,"144.9999999","79.99999992",14.9999999,39.99999989,160,85.00000004,70.00000013,65.00000001,69.99999998,130,NA,NA,NA,0.015647881
"119","Guarapuava","08/04/2022",1180000,10.48778942,10.48778944,17.4796482,2848.520499,2591.468494,2450.347014,141.1214795,0.119594474,1.140321085,112.2652588,30.55625879,85.50664575,10.36819495,NA,NA,NA,NA,"110","45",34.99999992,59.9999999,155,84.99999989,49.99999997,65.00000002,69.99999999,125.0000001,NA,NA,NA,0.000323554
"120","Guarapuava","11/04/2022",1180000,9.567412523,2.800218298,6.65559132,862.8072646,2695.241146,2287.624683,407.6164632,0.345437681,3.610565342,145.7083931,56.68824548,109.6348813,9.221974842,65.40804968,58.0565369,29.04526462,35.86225118,"65.00000007","150.0000001",150.0000001,205.0000001,195,115.0000001,35,84.99999999,45,10,50.00000006,394.35429,110.5415776,2.07e-05
"121","Guarapuava","12/04/2022",1180000,10.60734867,2.121469733,5.407667948,751.6844239,4257.521123,3979.414059,278.1070641,0.235683953,2.221893142,104.4870844,23.13608435,87.06470671,10.37166471,72.42134763,0.152845355,0.035817621,0.061374023,"415","300",84.99999999,300,365,170,85,115,155,110,-225,-20.07550323,91.76315901,2.15e-05
"122","Guarapuava","21/04/2022",1180000,14.76709324,5.063003397,8.31948915,2034.213747,1728.609761,1560.542185,168.0675755,0.142430149,0.964510391,107.7160294,38.7960294,71.27317259,14.62466309,NA,NA,NA,NA,"205","140",80,175,185,145,65,65,110,45,NA,NA,79.24281944,0.000358585
"123","Guarapuava","22/04/2022",1180000,10.39936144,3.119808431,6.65559132,2041.45175,3263.417446,3060.593893,202.8235527,0.171884367,1.65283578,119.4344554,35.01980488,87.14824433,10.22747707,3558.958563,4.504746514,1.800089691,3.016066579,"330","255",65,200,185,140,75,75,100,25,-110,-35.80012642,98.07433686,3.55e-05
"124","Guarapuava","22/04/2022",1180000,8.735463608,2.096511266,4.99169349,996.2409942,2571.866233,2451.631358,120.2348754,0.101893962,1.166440234,105.6410711,19.21657112,91.20399037,8.633569645,2114.892736,1.802747002,1.546334575,1.79228198,"240","150",110,250,250,205,95,90,160,40,-160,0.085709848,93.94679388,8.84e-06
"125","Guarapuava","22/04/2022",1180000,6.447604091,3.363967352,4.99169349,433.0052579,1764.963329,1653.845271,111.1180583,0.094167846,1.460509123,98.58041486,14.58091486,89.07867899,6.353436245,3531.672636,10.01846161,2.582759839,2.992942912,"140","35",20,115,230,130,110,105,110,130,100,211.2679271,91.91601828,5.08e-06
"126","Guarapuava","22/04/2022",1180000,20.38274634,9.058998372,29.11820787,9836.422466,4026.920093,3497.604722,529.3153702,0.448572348,2.200745376,203.1706088,103.3636918,108.3368067,19.93417399,330.1612735,0.279032845,0.14746295,0.279797689,"320","250",30,135,170,100,70,70,80,55,-120,-11.24577059,138.4220318,0.003791187
"127","Guarapuava","23/04/2022",1180000,35.77380023,14.80295182,25.79041637,14501.78479,8281.400054,5446.204965,2835.195088,2.402707702,6.716389332,760.3721817,525.6167505,293.9473014,33.37109252,18516.57839,4.504746514,1.800089691,15.69201558,"205","125",30,145,175,110,80,80,90,50,-44.99999999,-2.302045048,432.7443214,0.097611131
"128","Guarapuava","19/09/2022",1180000,11.47374306,3.358168701,5.09944136,983.8557102,1433.931926,1373.464375,60.46755025,0.051243687,0.446616997,70.11640234,11.13554285,54.41314771,11.42249937,NA,NA,NA,NA,"310","220",120,205,185.0000001,230,110,90,110,80.00000007,NA,NA,NA,6.15e-05
"129","Guarapuava","19/09/2022",1180000,13.81098702,3.854228936,7.224208593,1437.955644,3060.200515,2761.657193,298.5433226,0.253002816,1.831895255,102.3907823,37.64978227,68.42837596,13.5579842,NA,NA,NA,NA,"189.9999999","110",69.99999998,214.9999999,270,140,69.99999999,79.99999993,109.9999999,95.00000011,NA,NA,NA,0.0001733
"130","Guarapuava","21/09/2022",1180000,7.436685316,1.174213471,2.54972068,227.7782572,2400.860577,2175.375383,36.98369857,0.031342117,0.421452786,54.64445356,3.908288642,49.71417093,7.405343199,2.660676121,0.006943989,0.001035129,0.00225481,"430","335",194.9999999,379.9999999,260.0000001,340,145.0000001,94.99999996,144.9999999,25.00000013,50.00000011,11,51.22767971,1.8e-06
"131","Guarapuava","25/09/2022",1180000,20.61024216,2.659386085,6.3743017,1849.618709,2458.472891,2162.925161,295.5477297,0.250464178,1.215241314,76.54697935,23.03697935,56.56860001,20.35977798,NA,NA,NA,NA,"475","315",265,465,545,450,185,160,365,140,NA,NA,NA,0.0006054
"132","Guarapuava","25/09/2022",1180000,28.4718805,5.176705545,11.89869651,5001.918855,2607.873401,1959.419175,648.4542263,0.54953748,1.930106021,174.2233175,82.48231749,114.7286747,27.92234302,NA,NA,NA,NA,"214.9999999","140",130,330,305.0000001,210,79.99999993,74.99999995,160,20.00000001,NA,NA,NA,0.0068943
"133","Guarapuava","25/09/2022",1180000,7.861638763,2.300967441,4.249534466,489.0202928,1610.906247,1566.897218,44.00902921,0.037295787,0.474402203,114.4521808,6.730180828,109.521525,7.824342976,NA,NA,NA,NA,"100.0000001","95.00000011",95.00000011,205.0000001,210.0000001,60.00000005,35.00000006,4.999999974,80.00000007,24.99999998,NA,NA,NA,6.4e-06
"134","Guarapuava","26/09/2022",1180000,5.311918083,4.249534469,5.09944136,604.4289853,2057.186572,1892.569312,164.6172601,0.139506153,2.626285844,133.4035708,29.84857083,112.4175321,5.17241193,NA,NA,NA,NA,"94.99999996","29.99999995",29.99999995,74.99999995,180,90,60.00000005,65.00000001,85.00000003,115,NA,NA,NA,3.5e-06
"135","Guarapuava","26/09/2022",1180000,1.487337063,2.549720675,2.124767233,74.27913691,1546.912423,1496.922815,49.98960785,0.042364074,2.848317002,106.5245332,9.269533229,97.33408658,1.444972989,NA,NA,NA,NA,"90","30.0000001",15.00000005,35.00000006,210,60.00000005,45,59.9999999,39.99999989,135,NA,NA,NA,0
"136","Guarapuava","06/10/2022",1180000,33.81628664,10.40501127,14343.34,583960.8219,6138.959682,4871.822547,1267.137135,1.07384503,3.175526163,233.6137306,162.8587306,90.17318511,32.74244162,640.1222455,0.41184347,0.124249774,0.542476479,"345","260.0000001",60.00000005,195,330,120,59.9999999,84.99999989,120,160,39.99999996,1.371013012,147.8526337,0.0430751
"137","Guarapuava","07/10/2022",1180000,5.784364821,5.784364816,8.009120521,661.096301,1715.220108,1621.876338,93.34376933,0.079104889,1.367563971,86.44556628,18.96656628,71.45835743,5.705259932,40.76860975,0.070005668,0.0614932,0.034549669,"130","55.00000008",35.00000007,60.00000005,185,100.0000001,65.00000001,74.99999995,74.99999995,160,-4.999999902,0.017190636,76.29342967,9.2e-06
"138","Guarapuava","11/10/2022",1180000,8.009120521,6.864960448,14.68338762,1857.418955,1392.766393,1217.656331,175.110062,0.148398358,1.852867082,104.5126462,45.00064616,70.38916133,7.860722164,91.22851,0.218016346,0.125749222,0.077312297,"100.0000001","40.00000003",4.999999964,69.99999999,155,54.99999994,49.99999997,60.00000005,65.00000001,85.00000003,-10.00000007,0.371566392,79.20501921,4.7e-05
"139","Guarapuava","11/10/2022",1180000,49.31302135,6.880886697,22.06701412,18040.46666,8554.983478,6075.702759,2479.280719,2.101085355,4.260711061,276.8280092,171.9900092,137.8534692,47.21193599,NA,NA,NA,NA,"329.9999999","239.9999999",220,430.0000001,435,360,140,90,230,84.99999988,NA,NA,NA,0.1257531
"140","Guarapuava","13/10/2022",1180000,17.33836824,5.201510471,15.31180572,4311.707926,2596.806569,2288.182033,308.6245367,0.261546218,1.508482309,137.1130804,55.38651657,100.7350953,17.07682202,119.2044631,0.216286128,0.062277184,0.101020731,"110","45",35.00000006,200,270,75.0000001,40.00000004,65.00000002,80.00000007,90,0,1,107.6312274,0.0007579
"141","Guarapuava","13/10/2022",1180000,10.13281216,2.643342302,6.304860276,918.0821702,2896.306728,2629.989407,266.3173213,0.225692645,2.227344608,155.3805443,43.8865093,117.8176909,9.90711951,62.03612914,0.048382201,0.022508061,0.052572991,"205","130",100.0000001,230,220,180,79.99999993,74.99999995,135,30.0000001,-65.00000001,-1.162127412,125.4992591,2.44e-05
"142","Guarapuava","14/10/2022",1180000,15.53697933,1.96256581,3.602777815,687.1388876,7461.181986,6766.067972,695.1140138,0.589079673,3.791468472,147.6954234,40.41742337,117.8514213,14.94789966,4.298936125,0.008323431,0.004576604,0.003643166,"335","205",169.9999999,475,689.9999999,279.9999999,110,130,275,239.9999999,-94.99999996,-2.770444601,127.3338215,0.0001082
"143","Guarapuava","16/10/2022",1180000,24.31874935,6.948214098,17.56354095,6429.668805,8676.132557,7737.20047,938.932087,0.795705159,3.271982235,293.2129498,162.0969751,135.7993586,23.52304419,NA,NA,NA,NA,"165.0000001","90",65.00000001,210.0000001,189.9999999,135,69.99999999,75.0000001,90,29.99999995,NA,NA,NA,0.005323526
"144","Guarapuava","20/10/2022",1180000,47.48013801,14.99372779,42.70940094,35689.10674,8930.505456,6970.806467,1959.698988,1.660761855,3.497803343,813.3236611,517.0061611,292.2926892,45.81937616,NA,NA,NA,NA,"120","60",45,190,125,110,65,60,64.99999999,25,NA,NA,NA,0.3425055
"145","Guarapuava","20/10/2022",1180000,12.53571429,3.008571429,5.571428571,931.7891061,5377.432745,4795.368569,582.064176,0.493274725,3.934955074,227.1666399,57.54263995,192.7977467,12.04243956,814.3930625,530,0.180339524,0.690163612,"285","215",80,250,300,125,45,70,135,65,-140,-0.182475413,191.8867247,7.69e-05
"146","Guarapuava","20/10/2022",1180000,3.581632653,2.148979592,3.183673469,157.4202823,5913.397499,5794.957686,118.4398131,0.100372723,2.802429302,206.7522812,23.21078115,182.3931558,3.48125993,230.3983737,0.073627403,0.057484025,0.195252859,"195","115",39.99999999,99.99999999,155,130,90,80,80,95.00000001,-100,-0.613056607,194.2349603,2e-07
"147","Guarapuava","29/10/2022",1180000,53.69311923,10.06745986,22.75131908,18955.57669,7059.873101,6178.756628,881.1164728,0.746708875,1.390697516,333.6377932,153.6487932,194.6468296,52.94641035,NA,NA,NA,NA,"140","115",104.9999999,320,195,140,35.00000007,25.00000002,99.99999997,94.99999997,NA,NA,NA,0.3220766
"148","Guarapuava","30/10/2022",1180000,14.78835991,3.348307903,6.82539618,1370.2884,4375.621396,4083.885929,291.7354666,0.247233446,1.671811126,155.6615757,31.71157571,123.6510131,14.54112646,NA,NA,NA,NA,"245","155",115,265,305.0000001,234.9999999,120,90,180,65.00000002,NA,NA,NA,0.0001893
"149","Guarapuava","30/10/2022",1180000,6.142857381,12.28571478,12.28571476,1129.803661,1395.831897,1204.434418,191.3974789,0.162201253,2.640485416,238.5626075,65.78560769,161.8805346,5.980656128,NA,NA,NA,NA,"99.99999994","45",15.00000005,24.99999999,75.0000001,79.99999992,64.99999987,54.99999994,40.00000004,80.00000006,NA,NA,NA,3.71e-05
"150","Guarapuava","30/10/2022",1180000,26.61904865,15.21088496,31.85185309,16217.75857,7291.713037,4837.416678,2454.29636,2.079912169,7.81362323,1002.122378,669.598378,467.663152,24.53913648,2376.371718,0.831523402,0.512429471,2.013874338,"115.0000001","45",14.9999999,104.9999999,125.0000001,79.99999993,65.00000002,70.00000013,70.00000013,35.00000007,-12.99999998,-0.008039867,596.6431842,0.029035052
"151","Guarapuava","31/10/2022",1180000,20.0211648,3.875064156,8.645502981,2335.939088,6250.635699,5395.900331,854.7353685,0.724352007,3.617931397,318.2095234,129.6995233,200.5166878,19.29681279,NA,NA,NA,NA,"290","205.0000001",155,309.9999999,260.0000001,239.9999999,84.99999989,84.99999989,160,30.0000001,NA,NA,NA,0.0009183
"152","Guarapuava","08/03/2023",1180000,81.50943396,27.94609164,83.77358491,126624.5478,16226.78563,7889.103059,8337.682569,7.065832685,8.668729915,2009.468327,1599.081044,383.849173,74.44360128,4523.56722,2.018275786,0.493917684,3.833531543,"305.0000001","245",65.00000002,175,125.0000001,75.0000001,10.00000007,60.00000005,65.00000002,10.00000008,10.0000001,39.64507603,1067.197266,9.935380195
"153","Guarapuava","09/03/2023",1180000,4.005154639,2.827167979,3.432989691,187.4274881,2802.174449,2712.815337,89.35911219,0.075728061,1.890764977,112.8060987,20.15909873,95.27763284,3.929426578,NA,NA,NA,NA,"214.9999999","135",45,85.00000004,165,110,65.00000002,79.99999993,89.99999985,115,NA,NA,NA,5.08e-07
"154","Guarapuava","10/03/2023",1180000,12.01546392,13.1077788,19.07216495,3709.074544,2886.741003,2708.248021,178.4929824,0.151265239,1.258921339,132.4580549,46.49155486,94.71479826,11.86419868,96.86380094,0.263333394,0.189139744,0.082087967,"155","110",40.00000004,55.00000008,144.9999999,74.99999995,34.99999992,45,69.99999999,104.9999999,-10.00000006,0.511275554,104.8963525,0.000878368
"155","Guarapuava","23/03/2023",1180000,30.51546392,22.88659796,40.05154639,20157.55336,3842.182768,2130.149574,1712.033194,1.450875588,4.754558515,847.3590143,642.4490146,210.2624485,29.06458833,3746.498158,1.83059577,0.965112829,3.174998439,"144.9999999","99.99999994",34.99999993,79.99999993,90,84.99999989,49.99999996,45,49.99999997,40.00000003,-15.0000001,0.292590853,457.6674317,0.108924498
"156","Guarapuava","29/03/2023",1180000,7.628865979,5.085910653,6.103092784,819.7793575,1054.374457,922.4454466,131.9290106,0.111804246,1.465542147,72.65167759,23.46817759,55.00239179,7.517061733,NA,NA,NA,NA,"195","140",55,90,180,110,55,55,90,110,NA,NA,57.83978447,2.16e-05
"157","Guarapuava","29/03/2023",1180000,9.154639175,13.73195876,13.73195876,2235.800254,1534.446551,1301.443529,233.0030215,0.197460188,2.15694124,135.0872717,65.51377166,83.92724785,8.957178988,NA,NA,NA,NA,"90","35.00000001",25.00000001,40,115,75,50,54.99999999,60,95,NA,NA,126.0216515,0.000354723
"158","Guarapuava","29/04/2022",1180000,10.52923112,3.008351746,6.424615596,894.6910073,2874.269582,2618.900497,255.3690851,0.216414479,2.055368303,118.9955401,31.64654011,93.99295273,10.31281664,NA,NA,NA,NA,"265","150",60.00000005,210.0000001,255.0000001,175,115,115,125.0000001,94.99999997,NA,NA,98.7333972,3.54e-05
"159","Guarapuava","30/04/2022",1180000,10.35076779,10.35076778,17.13230469,2687.618339,2680.073706,2280.176584,399.8971224,0.338895866,3.274113316,190.5243108,91.88181084,110.4251771,10.01187192,NA,NA,NA,NA,"199.9999999","129.9999999",24.99999999,60.00000005,150,90,65.00000001,69.99999999,74.99999995,110,NA,NA,134.136168,0.000299052
"160","Guarapuava","02/05/2022",1180000,5.889230963,2.617435984,4.640000153,374.6535511,2843.326363,2774.625781,68.70058209,0.058220832,0.988598217,88.55152728,11.38152728,78.34211108,5.831010131,NA,NA,NA,NA,"255","160",85.00000004,135,239.9999999,180,94.99999996,94.99999996,129.9999999,155,NA,NA,81.05084768,2.24e-06
"161","Guarapuava","03/05/2022",1180000,40.86769276,5.702468758,18.91692192,12627.74997,11425.9732,8944.715649,2481.257552,2.102760638,5.145288357,322.5771993,181.87656,172.8985753,38.76493213,NA,NA,NA,NA,"390","304.9999999",160,430,394.9999999,255,94.99999996,85.00000004,200,9.999999938,NA,NA,199.8333969,0.040832582
"162","PontaGrossa","04/01/2022",678263,26.82,5.03,15.11,122.48,2510.94,2239.68,271.27,0.4,1.49,186.3,90.1,85.6,26.42,NA,NA,NA,NA,"201","155",155,320,120,201,46,46,65,256,136,NA,45.05,NA
"163","PontaGrossa","13/02/2023",678263,44.47,29.64,50.41,572.36,4612.1,2393.01,2219.09,3.27,7.36,621.73,532.94,163.45,41.19,NA,NA,NA,NA,"80.79","38.8",33.8,90,145,60.03,21.23,41.99,45,70.03,20,NA,266.47,NA
"164","PontaGrossa","17/02/2023",678263,17.19,12.13,22.4,85.74,4233.68,3415.87,817.81,1.21,7.02,322.86,217.13,105.27,15.98,NA,NA,NA,NA,"105.95","55",40,85,145,84.87,29.87,50.95,70,74.87,14.87,NA,108.57,NA
"165","PontaGrossa","23/02/2023",678263,13.49,5.99,10.12,21.24,1981.96,1518.73,463.24,0.68,5.07,186.3,97.79,127.48,12.8,NA,NA,NA,NA,"142.22","82.5",82.5,135,140,138,55.5,59.72,60,83,78,NA,48.9,NA
"166","PontaGrossa","02/03/2023",678263,14.54,19.39,27.64,104.14,919.75,752.57,167.19,0.25,1.7,128.82,67.12,73,14.29,NA,NA,NA,NA,"63","15",10,45,90,62.9,47.9,48,50,57.9,13,NA,33.58,NA
"167","PontaGrossa","03/03/2023",678263,7.39,29.55,14.78,27.27,1057.68,733.89,323.79,0.48,6.46,156.6,103.19,90.64,6.91,NA,NA,NA,NA,"73","10",10,15,115,52.9,42.9,63,40,112.9,13,NA,51.61,NA
"168","PontaGrossa","16/04/2023",678263,47.53,24.8,52,634.59,4091.64,1790.62,2301.02,3.39,7.14,906.94,815.54,213.36,44.14,NA,NA,NA,NA,"100.12","58.6",58.6,115,125,89.32,30.72,41.52,50,49.32,39,NA,407.77,NA
"169","PontaGrossa","11/07/2023",678263,10.96,16.44,20.05,51.38,1818.59,1349.86,468.73,0.69,6.31,209.86,127.84,99.21,10.27,NA,NA,NA,NA,"54","15",10,40,105,43.95,28.95,39,35,73.95,9,NA,63.92,NA
"170","PontaGrossa","27/07/2023",678263,13.33,20,24.89,79.42,704.44,457.54,246.9,0.36,2.73,122.5,79.79,73.62,12.97,NA,NA,NA,NA,"66","20",20,40,85,56.03,36.03,46,35,66.03,21,NA,39.89,NA
"171","PontaGrossa","09/08/2023",678263,20.75,5.79,10,39.44,1445.72,963.41,482.31,0.71,3.43,149.7,86.91,96.38,20.04,NA,NA,NA,NA,"216","145",140,215,170,195.55,50.55,71,45,70.55,121,NA,43.48,NA
"172","PontaGrossa","02/09/2023",678263,14.88,12.75,20.74,69.31,1452.29,932.23,520.06,0.77,5.16,209.86,138.67,115.78,14.11,NA,NA,NA,NA,"77","35",35,70,95,72.02,37.02,42,50,47.02,22,NA,69.34,NA
"173","PontaGrossa","28/10/2023",678263,29.07,12.92,19.64,133.13,8465.96,3821.23,4644.73,6.85,0.24,1201.99,1033.66,475.9,22.22,NA,NA,NA,NA,"146","90",85,135,205,141.03,61.03,56,95,121.03,56,NA,516.83,NA
"174","PontaGrossa","30/10/2023",678623,34.44,41.32,61.17,559.8,9973.07,3533.53,6439.54,9.5,27.58,2536.27,2356.6,709.1,24.94,NA,NA,NA,NA,"55","10",5,45,120,39.98,34.98,45,80,74.98,5,NA,1255.85,NA
"175","Toledo","08/12/2019",1080000,68.66538462,4.247343379,11.16923077,NA,42.95615148,NA,NA,0.039774214,0.057924695,27.94822432,18.45744565,9.646623349,68.62561041,NA,NA,NA,NA,"09/12/2019 03:30","09/12/2019 03:20",800,970,110,30,-10,-10,30,-100,800,NA,NA,NA
"176","Toledo","11/12/2019",1080000,42,36,38.8,NA,121.956,NA,NA,0.112922222,0.268862434,75.5,62.27,25.997,41.88707778,NA,NA,NA,NA,"11/12/2019 11:30","11/12/2019 12:00",10,70,70,20,20,30,20,10,40,NA,NA,NA
"177","Toledo","15/12/2019",1080000,68.4,61.94716981,17,NA,242.322,NA,NA,0.224372222,0.328029565,35.39,25.28,16.54702381,68.17562778,NA,NA,NA,NA,"16/12/2019 00:40","16/12/2019 01:00",200,1590,520,20,-110,20,20,-1000,170,NA,NA,NA
"178","Toledo","21/12/2019",1080000,27.1,5.606896552,12.3,NA,59.04,NA,NA,0.054666667,0.201722017,30.74,13.04,22.13295455,27.04533333,NA,NA,NA,NA,"21/12/2019 05:20","21/12/2019 06:20",30,290,150,20,30,60,20,-100,70,NA,NA,NA
"179","Toledo","02/01/2020",1080000,14.6,2.825806452,6.9,NA,9.294,NA,NA,0.008605556,0.058942161,21.15,4.9,16.62404255,14.59139444,NA,NA,NA,NA,"02/01/2020 15:10","02/01/2020 16:00",230,310,40,10,40,50,10,-10,280,NA,NA,NA
"180","Toledo","09/01/2020",1080000,5.8,0.58,5.8,NA,10.692,NA,NA,0.0099,0.170689655,19.68,4.32,16.1275,5.7901,NA,NA,NA,NA,"09/01/2020 11:30","09/01/2020 12:30",0,10,70,20,50,60,20,90,60,NA,NA,NA
"181","Toledo","10/01/2020",1080000,24.5,3.585365854,11.8,NA,65.754,NA,NA,0.060883333,0.248503401,39.65,22.89,18.42481481,24.43911667,NA,NA,NA,NA,"11/01/2020 02:50","11/01/2020 03:50",290,410,130,50,60,60,50,20,360,NA,NA,NA
"182","Toledo","12/01/2020",1080000,6.4,0.213333333,6.3,NA,9.792,NA,NA,0.009066667,0.141666667,19.68,4.93,15.91214286,6.390933333,NA,NA,NA,NA,"12/01/2020 16:30","12/01/2020 17:30",0,30,50,20,60,60,20,60,70,NA,NA,NA
"183","Toledo","29/01/2020",1080000,5.7,0.285,5.7,NA,8.976,NA,NA,0.008311111,0.145808967,17.78,3.48,15.1385,5.691688889,NA,NA,NA,NA,"29/01/2020 00:20","29/01/2020 00:50",0,20,60,10,20,30,10,50,40,NA,NA,NA
"184","Toledo","30/01/2020",1080000,7.6,3.8,4.4,NA,11.778,NA,NA,0.010905556,0.143494152,19.68,3.99,16.4005,7.589094444,NA,NA,NA,NA,"30/01/2020 10:00","30/01/2020 10:30",20,120,80,50,30,30,50,-40,80,NA,NA,NA
"185","Toledo","02/02/2020",1080000,28.1,3.065454545,13.4,NA,57.072,NA,NA,0.052844444,0.188058521,40.27,23.57,17.14675676,28.04715556,NA,NA,NA,NA,"02/02/2020 12:20","02/02/2020 13:00",440,550,100,40,40,40,40,-10,490,NA,NA,NA
"186","Toledo","07/02/2020",1080000,21.4,18.34285714,19.3,NA,38.484,NA,NA,0.035633333,0.166510903,31.31,16.29,20.36333333,21.36436667,NA,NA,NA,NA,"07/02/2020 15:30","07/02/2020 16:00",10,70,60,20,30,30,20,10,50,NA,NA,NA
"187","Toledo","10/02/2020",1080000,21.4,8.025,20.6,NA,52.236,NA,NA,0.048366667,0.226012461,40.9,26.57,18.81043478,21.35163333,NA,NA,NA,NA,"10/02/2020 13:40","10/02/2020 14:10",10,160,70,10,20,30,10,-70,40,NA,NA,NA
"188","Toledo","25/02/2020",1080000,122.3,115.1058824,27.5,NA,511.764,NA,NA,0.473855556,0.387453439,85.89,71.67,21.6835443,121.8261444,NA,NA,NA,NA,"25/02/2020 07:40","25/02/2020 08:20",90,1530,1250,100,20,40,100,-270,150,NA,NA,NA
"189","Toledo","06/04/2020",1080000,15.4,4.4,8.1,NA,29.76,NA,NA,0.027555556,0.178932179,19.2,10.9,12.61363636,15.37244444,NA,NA,NA,NA,"06/04/2020 14:00","06/04/2020 14:20",110,210,170,60,-20,20,60,-10,100,NA,NA,NA
"190","Toledo","22/05/2020",1080000,NA,NA,NA,NA,494.2586217,NA,NA,0.457646872,NA,86.70421154,68.33503071,25.65085708,-0.457646872,NA,NA,NA,NA,"22/05/2020 04:20","22/05/2020 07:20",NA,NA,600,120,160,180,120,NA,160,NA,NA,NA
"191","Toledo","05/06/2020",1080000,18.9,2.765853659,4.6,NA,39.96080785,NA,NA,0.037000748,0.195771153,16.39546244,4.785706191,11.10146709,18.86299925,NA,NA,NA,NA,"05/06/2020 20:10","05/06/2020 21:20",260,410,360,180,50,70,180,80,330,NA,NA,NA
"192","Toledo","30/06/2020",1080000,18,0.36,13,NA,42.1810458,NA,NA,0.039056524,0.216980688,28.49848076,16.80782465,13.74737004,17.96094348,NA,NA,NA,NA,"30/06/2020 14:10","30/06/2020 14:40",20,50,90,30,30,30,30,60,180,NA,NA,NA
"193","Toledo","08/07/2020",1080000,16.5,2.357142857,3.4,NA,35.87030847,NA,NA,0.033213249,0.201292416,15.94389397,4.36797744,12.10604581,16.46678675,NA,NA,NA,NA,"08/07/2020 07:30","08/07/2020 08:30",290,420,250,100,50,60,100,70,350,NA,NA,NA
"194","Toledo","14/08/2020",1080000,61.3,56.58461538,10.2,NA,151.3955085,NA,NA,0.140181026,0.228680304,18.71946675,9.898038832,10.92279409,61.15981897,NA,NA,NA,NA,"15/08/2020 09:20","15/08/2020 10:50",570,1560,1260,20,-390,90,20,-140,250,NA,NA,NA
"195","Toledo","17/08/2020",1080000,16.8,1.482352941,10.5,NA,36.98817595,NA,NA,0.034248311,0.203858994,23.68550612,13.04430904,11.16289104,16.76575169,NA,NA,NA,NA,"17/08/2020 19:00","17/08/2020 19:40",290,680,100,30,40,40,30,-280,340,NA,NA,NA
"196","Toledo","18/08/2020",1080000,17.4,1.969811321,4.7,NA,28.64813356,NA,NA,0.02652605,0.152448561,15.49681885,4.937468577,11.7178199,17.37347395,NA,NA,NA,NA,"18/08/2020 09:30","18/08/2020 10:10",200,530,280,40,20,40,40,-70,220,NA,NA,NA
"197","Toledo","18/08/2020",1080000,38.5,1.974358974,4.3,NA,196.0878255,NA,NA,0.181562801,0.471591692,18.24595783,7.414956167,12.74542356,38.3184372,NA,NA,NA,NA,"19/08/2020 04:20","19/08/2020 07:30",560,1170,900,110,-20,190,110,160,540,NA,NA,NA
"198","Toledo","27/09/2020",1080000,10.5,1.145454545,6.1,NA,18.33,NA,NA,0.016972222,0.161640212,13.8,5.17,8.517977528,10.48302778,NA,NA,NA,NA,"28/09/2020 06:10","28/09/2020 07:00",480,550,100,30,40,50,30,40,530,NA,NA,NA
"199","Toledo","18/11/2020",1080000,26.6,2.455384615,4.3,NA,43.35,NA,NA,0.040138889,0.150898079,13.33018427,4.78,9.043404305,26.55986111,NA,NA,NA,NA,"18/11/2020 11:40","18/11/2020 12:30",390,650,530,390,50,50,390,-70,450,NA,NA,NA
"200","Toledo","03/12/2020",1080000,97.5,8.863636364,21.5,NA,208.6478113,NA,NA,0.193192418,0.19814607,65.05097657,47.97886407,19.63499138,97.30680758,NA,NA,NA,NA,"03/12/2020 06:20","03/12/2020 06:40",250,660,480,250,10,20,250,-170,270,NA,NA,NA
"201","Toledo","13/12/2020",1080000,24.3,2.351612903,11.8,NA,20.82314798,NA,NA,0.019280693,0.079344414,22.21556319,8.605047629,13.88641593,24.28071931,NA,NA,NA,NA,"13/12/2020 22:10","13/12/2020 22:30",310,620,60,30,30,20,30,-250,350,NA,NA,NA
"202","Toledo","16/12/2020",1080000,29.9,4.848648649,9.7,NA,29.88116114,NA,NA,0.027667742,0.092534254,33.83896831,9.793148591,26.04136789,29.87233226,NA,NA,NA,NA,"16/12/2020 14:20","16/12/2020 14:30",80,370,100,40,0,10,40,-230,90,NA,NA,NA
"203","Toledo","17/12/2020",1080000,13.4,1.386206897,4.3,NA,23.92783509,NA,NA,0.022155403,0.165338827,28.84432011,5.388583026,24.2481206,13.3778446,NA,NA,NA,NA,"17/12/2020 05:30","17/12/2020 05:50",50,580,110,60,20,20,60,-460,90,NA,NA,NA
"204","Toledo","21/12/2020",1080000,11.4,7.6,7.4,NA,12.59106029,NA,NA,0.011658389,0.102266572,19.7398744,4.422795511,15.77582009,11.38834161,NA,NA,NA,NA,"21/12/2020 09:50","21/12/2020 10:30",50,90,80,40,50,40,40,50,110,NA,NA,NA
"205","Toledo","05/01/2021",1080000,7.7,5.775,7.5,NA,11.0325967,NA,NA,0.010215367,0.132667108,16.22560002,4.460599189,12.58808626,7.689784633,NA,NA,NA,NA,"05/01/2021 17:10","05/01/2021 17:30",70,80,60,30,20,20,30,40,100,NA,NA,NA
"206","Toledo","13/01/2021",1080000,16.1,0.4025,13.6,NA,21.11416069,NA,NA,0.019550149,0.121429496,21.58694133,9.517751741,16.75637554,16.08044985,NA,NA,NA,NA,"13/01/2021 16:40","13/01/2021 17:00",0,40,50,20,20,20,20,10,30,NA,NA,NA
"207","Toledo","16/01/2021",1080000,70.7,4.661538462,16.2,NA,180.1477639,NA,NA,0.166803485,0.235931379,50.0165672,33.17358504,17.63614005,70.53319651,NA,NA,NA,NA,"17/01/2021 11:50","17/01/2021 13:00",750,910,890,780,80,70,780,30,840,NA,NA,NA
"208","Toledo","19/01/2021",1080000,63.9,6.610344828,7.4,NA,274.9741962,NA,NA,0.254605737,0.398444033,39.88520223,19.47731577,26.47844911,63.64539426,NA,NA,NA,NA,"19/01/2021 23:10","20/01/2021 00:20",230,580,500,330,120,70,330,-60,360,NA,NA,NA
"209","Toledo","24/01/2021",1080000,33.84,8.827826087,30.36,NA,65.11016072,NA,NA,0.060287186,0.178153623,55.16240167,34.51006375,22.91425189,33.77971281,NA,NA,NA,NA,"24/01/2021 17:30","24/01/2021 17:50",120,230,50,20,20,20,20,-60,150,NA,NA,NA
"210","Toledo","30/01/2021",1080000,31.7,4.423255814,10.1,NA,85.2485421,NA,NA,0.078933835,0.249002635,49.59586221,22.05092429,30.93961962,31.62106616,NA,NA,NA,NA,"30/01/2021 02:00","30/01/2021 02:30",50,430,140,70,30,30,70,-280,90,NA,NA,NA
"211","Toledo","24/02/2021",1080000,30,NA,30,NA,18.89243266,NA,NA,0.017492993,0.058309977,50.0165672,12.64826497,36.32501893,29.98250701,NA,NA,NA,NA,"24/02/2021 13:10","24/02/2021 13:40",0,0,30,20,30,30,20,40,30,NA,NA,NA
"212","Toledo","02/03/2021",1080000,20,NA,20,NA,14.82177176,NA,NA,0.013723863,0.068619314,46.27593806,12.20100797,33.68608029,19.98627614,NA,NA,NA,NA,"02/03/2021 21:00","02/03/2021 21:58",0,0,37,19,59,58,19,77,59,NA,NA,NA
"213","Toledo","04/03/2021",1080000,47.5,NA,47.5,NA,81.00005514,NA,NA,0.075000051,0.157894844,93.7681468,48.86859311,44.95639478,47.42499995,NA,NA,NA,NA,"04/03/2021 00:00","04/03/2021 01:04",0,0,59,22,56,64,22,93,56,NA,NA,NA
"214","Toledo","04/03/2021",1080000,23.9,NA,23.9,NA,30.27697214,NA,NA,0.028034233,0.117298048,52.13892254,14.47691594,38.35698371,23.87196577,NA,NA,NA,NA,"04/03/2021 11:24","04/03/2021 13:57",0,0,105,22,146,153,22,229,146,NA,NA,NA
"215","Toledo","21/05/2021",1080000,19.3,5.034782609,9.7,NA,32.7961696,NA,NA,0.030366824,0.157341055,28.84432011,9.960922748,18.99065312,19.26963318,NA,NA,NA,NA,"22/05/2021 00:00","22/05/2021 00:40",110,230,80,60,50,40,60,-50,170,NA,NA,NA
"216","Toledo","09/06/2021",1080000,11.8,8.85,7.8,NA,7.912088741,NA,NA,0.007326008,0.062084814,20.9647491,3.99022389,17.87020415,11.79267399,NA,NA,NA,NA,"09/06/2021 23:00","09/06/2021 23:20",10,80,40,30,30,20,30,-30,50,NA,NA,NA
"217","Toledo","01/10/2021",1080000,7.68,1.772307692,2.14,NA,27.1415618,NA,NA,0.025131076,0.327227549,24.27444185,8.027346629,16.63817693,7.654868924,NA,NA,NA,NA,"01/10/2021 10:40","01/10/2021 07:58",50,260,308,34,-174,-162,34,-110,104,NA,NA,NA
"218","Toledo","02/10/2021",1080000,47.085,11.77125,20.367,NA,42.77114286,NA,NA,0.03960291,0.084109398,28.02557978,10.42738415,18.858089,47.04539709,NA,NA,NA,NA,"02/10/2021 12:20","02/10/2021 13:10",50,240,180,150,130,50,150,-30,190,NA,NA,NA
"219","Toledo","02/10/2021",1080000,25.59,19.1925,19.46,NA,16.48310997,NA,NA,0.015262139,0.059641027,25.27846054,6.66946693,18.05864124,25.57473786,NA,NA,NA,NA,"02/10/2021 21:10","02/10/2021 21:40",40,80,50,30,40,30,30,20,90,NA,NA,NA
"220","Toledo","03/10/2021",1080000,48.2,3.324137931,11.61,NA,61.28514013,NA,NA,0.0567455,0.117729253,28.37599525,5.225748171,20.17744501,48.1432545,NA,NA,NA,NA,"03/10/2021 12:20","03/10/2021 10:20",640,870,400,340,40,-120,340,-130,690,NA,NA,NA
"221","Toledo","06/10/2021",1080000,29.94,14.97,24.23,NA,75.14811024,NA,NA,0.069581584,0.232403419,53.80455887,37.1922722,26.23874854,29.87041842,NA,NA,NA,NA,"06/10/2021 21:40","06/10/2021 22:00",20,120,80,30,20,20,30,-30,50,NA,NA,NA
"222","Toledo","15/10/2021",1080000,85.488,6.931459459,13.208,NA,149.7005756,NA,NA,0.138611644,0.162141639,65.21459602,22.82501268,34.429054,85.34938836,NA,NA,NA,NA,"15/10/2021 09:20","15/10/2021 09:30",270,740,410,350,130,10,350,-280,410,NA,NA,NA
"223","Toledo","23/10/2021",1080000,60.5,7.408163265,19.3,NA,147.3013995,NA,NA,0.136390185,0.225438322,64.74338292,37.13427042,32.58307633,60.36360982,NA,NA,NA,NA,"23/10/2021 17:20","23/10/2021 17:40",170,490,250,210,40,20,210,-240,220,NA,NA,NA
"224","Toledo","25/11/2021",1080000,51.2,34.13333333,34.6,NA,168.7442618,NA,NA,0.156244687,0.305165404,100.5283153,76.42638731,47.46107995,51.04375531,NA,NA,NA,NA,"25/11/2021 15:30","25/11/2021 15:50",20,90,70,30,20,20,30,-10,50,NA,NA,NA
"225","Toledo","28/01/2022",1080000,48.1,12.025,18.8,NA,144.4727451,NA,NA,0.13377106,0.278110312,61.20723163,42.3397233,18.93908195,47.96622894,NA,NA,NA,NA,"28/01/2022 14:40","28/01/2022 15:10",100,240,200,120,30,30,120,-30,340,NA,NA,NA
"226","Toledo","30/01/2022",1080000,16,16,14.3,NA,50.08790781,NA,NA,0.046377692,0.289860578,42.79902788,27.13926538,19.48837512,15.95362231,NA,NA,NA,NA,"30/01/2022 17:40","30/01/2022 18:00",30,60,50,20,20,20,20,20,60,NA,NA,NA
"227","Toledo","04/02/2022",1080000,60.6,5.426865672,13.8,NA,78.29677422,NA,NA,0.072497013,0.119632035,45.37734164,22.96958775,19.56174446,60.52750299,NA,NA,NA,NA,"05/02/2022 05:50","05/02/2022 06:30",350,670,100,30,30,40,30,-220,390,NA,NA,NA
"228","Toledo","13/02/2022",1080000,11.1,0.555,11.1,NA,14.15843599,NA,NA,0.013109663,0.118105072,19.67931967,7.373078559,14.84085624,11.08689034,NA,NA,NA,NA,"13/02/2022 16:40","13/02/2022 17:10",0,20,40,20,30,30,20,30,40,NA,NA,NA
"229","Toledo","22/02/2022",1080000,20,10,16.75,NA,25.18692691,NA,NA,0.023321229,0.116606143,23.17043519,12.44409408,13.89876032,19.97667877,NA,NA,NA,NA,"22/02/2022 16:50","22/02/2022 17:10",10,120,60,20,20,20,20,-50,40,NA,NA,NA
"230","Toledo","03/03/2022",1080000,20.1,5.481818182,10.71,NA,17.54833884,NA,NA,0.016248462,0.080838119,17.31193524,6.413921072,11.88972666,20.08375154,NA,NA,NA,NA,"03/03/2022 16:30","03/03/2022 17:00",60,220,80,40,30,30,40,-90,100,NA,NA,NA
"231","Toledo","11/03/2022",1080000,NA,NA,NA,NA,25.956,NA,NA,0.024033333,Inf,20.17,11.02,11.47736842,-0.024033333,NA,NA,NA,NA,"11/03/2022 19:00","11/03/2022 20:30",NA,NA,70,20,80,90,20,NA,80,NA,NA,NA
"232","Toledo","13/03/2022",1080000,11.06,3.318,7.67,NA,15.56299019,NA,NA,0.014410176,0.130290923,15.05,5.89,9.996937969,11.04558982,NA,NA,NA,NA,"13/03/2022 10:10","13/03/2022 10:40",110,200,70,30,30,30,30,-20,150,NA,NA,NA
"233","Toledo","24/03/2022",1080000,NA,NA,NA,NA,11.274,NA,NA,0.010438889,Inf,12.91,4.47,8.322571429,-0.010438889,NA,NA,NA,NA,"24/03/2022 12:00","24/03/2022 14:10",NA,NA,70,30,130,130,30,Inf,130,NA,NA,NA
"234","Toledo","30/03/2022",1080000,14.042,0.468066667,13.923,NA,20.68798881,NA,NA,0.019155545,0.136416075,19.67931967,11.07083634,11.65995254,14.02284445,NA,NA,NA,NA,"30/03/2022 14:10","30/03/2022 14:40",10,30,40,20,30,30,20,30,50,NA,NA,NA
"235","Toledo","04/04/2022",1080000,45,8.4375,18.7,NA,52.57418061,NA,NA,0.048679797,0.108177326,29.05253333,18.8416466,14.27358581,44.9513202,NA,NA,NA,NA,"04/04/2022 11:20","04/04/2022 11:30",50,320,90,20,0,10,20,-200,60,NA,NA,NA
"236","Toledo","07/04/2022",1080000,20.53,6.843333333,16.31,NA,37.95408259,NA,NA,0.035142669,0.171177151,27.40178554,19.02666741,11.21843452,20.49485733,NA,NA,NA,NA,"07/04/2022 18:10","07/04/2022 18:30",30,180,60,20,20,20,20,-90,70,NA,NA,NA
"237","Toledo","11/04/2022",1080000,37.9,8.121428571,24.2,NA,64.72627244,NA,NA,0.059931734,0.158131224,40.27469209,31.92502945,12.91552932,37.84006827,NA,NA,NA,NA,"11/04/2022 08:10","11/04/2022 08:30",10,280,80,20,10,20,20,-200,80,NA,NA,NA
"238","Toledo","12/04/2022",1080000,83.43,14.72294118,27.1,NA,306.5254609,NA,NA,0.283819871,0.340189226,99.30118401,79.97108716,35.20496057,83.14618013,NA,NA,NA,NA,"12/04/2022 02:40","12/04/2022 03:00",80,340,130,70,30,20,70,-170,110,NA,NA,NA
"239","Toledo","21/04/2022",1080000,27.41,4.011219512,9.18,NA,40.51868915,NA,NA,0.037517305,0.136874516,18.24595783,10.03446995,10.25312351,27.3724827,NA,NA,NA,NA,"21/04/2022 20:10","21/04/2022 21:20",230,410,370,270,70,70,270,-10,300,NA,NA,NA
"240","Toledo","22/04/2022",1080000,25.07,10.74428571,15.71,NA,49.85365004,NA,NA,0.046160787,0.184127591,40.27469209,29.78202311,13.50476943,25.02383921,NA,NA,NA,NA,"22/04/2022 20:10","22/04/2022 20:40",110,140,50,10,20,30,10,30,150,NA,NA,NA
"241","Toledo","23/04/2022",1080000,34.92,10.476,22.98,NA,89.39331218,NA,NA,0.082771585,0.237032031,57.62442087,46.19976726,23.35549442,34.83722841,NA,NA,NA,NA,"23/04/2022 01:00","23/04/2022 01:20",40,200,70,10,10,20,10,-90,50,NA,NA,NA
"242","Toledo","03/05/2022",1080000,NA,NA,NA,NA,24.79650118,NA,NA,0.022959723,Inf,17.31193524,6.27325942,12.78842365,-0.022959723,NA,NA,NA,NA,"03/05/2022 05:00","03/05/2022 06:50",NA,NA,170,20,80,110,20,NA,80,NA,NA,NA
"243","Toledo","10/05/2022",1080000,NA,NA,NA,NA,29.4176447,NA,NA,0.02723856,Inf,18.71946675,7.824575165,13.19087258,-0.02723856,NA,NA,NA,NA,"10/05/2022 06:00","10/05/2022 07:50",NA,NA,130,40,100,110,40,NA,100,NA,NA,NA
"244","Toledo","28/05/2022",1080000,15.8,5.925,8.6,NA,16.17342153,NA,NA,0.01497539,0.094780951,24.20458263,8.729692557,15.53880011,15.78502461,NA,NA,NA,NA,"28/05/2022 19:30","28/05/2022 20:10",130,160,90,70,40,40,70,30,170,NA,NA,NA
"245","Toledo","29/05/2022",1080000,12.3,0.3075,9.1,NA,13.45601976,NA,NA,0.012459278,0.101294939,21.64951507,6.476731042,16.37743912,12.28754072,NA,NA,NA,NA,"29/05/2022 18:50","29/05/2022 19:20",20,40,50,30,30,30,30,30,80,NA,NA,NA
"246","Toledo","30/05/2022",1080000,22.3,3.345,6.9,NA,25.76665183,NA,NA,0.023858011,0.106986596,23.17043519,6.906774008,16.45107433,22.27614199,NA,NA,NA,NA,"30/05/2022 08:30","30/05/2022 08:10",140,400,170,140,40,-20,140,-190,190,NA,NA,NA
"247","Toledo","01/06/2022",1080000,14.6,2.433333333,3.8,NA,11.119691,NA,NA,0.01029601,0.070520618,16.39546244,2.133812608,14.28758371,14.58970399,NA,NA,NA,NA,"01/06/2022 08:10","01/06/2022 08:50",90,360,230,210,130,40,210,-120,260,NA,NA,NA
"248","Toledo","01/06/2022",1080000,87.5,83.44370861,5.1,NA,341.1962234,NA,NA,0.315922429,0.361054205,30.17194254,12.37021081,21.34609399,87.18407757,NA,NA,NA,NA,"02/06/2022 00:20","02/06/2022 03:10",660,1510,1430,700,130,170,700,10,790,NA,NA,NA
"249","Toledo","17/06/2022",1080000,26.5,5.888888889,11.9,NA,38.24087891,NA,NA,0.035408221,0.133615929,35.98991319,14.57371093,21.92759715,26.46459178,NA,NA,NA,NA,"17/06/2022 11:30","17/06/2022 13:50",110,270,180,160,150,140,160,10,270,NA,NA,NA
"250","Toledo","19/06/2022",1080000,9.7,2.425,6.8,NA,12.36642096,NA,NA,0.01145039,0.118045255,27.94822432,9.125333093,18.92337375,9.68854961,NA,NA,NA,NA,"20/06/2022 02:10","20/06/2022 02:40",220,240,30,20,30,30,20,20,250,NA,NA,NA
"251","Toledo","12/07/2022",1080000,13.7,4.566666667,10.27,NA,16.11251221,NA,NA,0.014918993,0.108897758,34.20645895,10.76806506,23.91125792,13.68508101,NA,NA,NA,NA,"12/07/2022 03:00","12/07/2022 03:20",40,180,30,10,20,20,10,-100,60,NA,NA,NA
"252","Toledo","18/07/2022",1080000,12.16,4.56,4.68,NA,14.99115182,NA,NA,0.013880696,0.114150462,29.05253333,6.535571661,23.25952116,12.1461193,NA,NA,NA,NA,"18/07/2022 13:40","18/07/2022 14:30",80,160,60,50,60,50,50,-10,150,NA,NA,NA
"253","Toledo","06/08/2022",1080000,59,3.160714286,7.4,NA,26.75067393,NA,NA,0.024769143,0.041981598,28.49848076,8.057772428,21.37287044,58.97523086,NA,NA,NA,NA,"07/08/2022 04:30","07/08/2022 04:00",590,1120,230,150,-30,-30,150,-480,560,NA,NA,NA
"254","Toledo","17/08/2022",1080000,47,4.62295082,8.5,NA,114.5974861,NA,NA,0.106108783,0.225763369,37.19664903,14.7895557,26.76419889,46.89389122,NA,NA,NA,NA,"18/08/2022 01:50","18/08/2022 02:20",150,610,240,80,10,30,80,-290,160,NA,NA,NA
"255","Toledo","19/09/2022",1080000,65.16708861,5.666703358,8.137557959,NA,69.77926915,NA,NA,0.064610434,0.099145805,34.20645895,11.23204645,24.48704638,65.10247818,NA,NA,NA,NA,"19/09/2022 13:20","19/09/2022 16:30",290,690,600,470,190,190,470,-80,480,NA,NA,NA
"256","Toledo","21/09/2022",1080000,47.08232758,3.44504836,9.943231441,NA,33.57688253,NA,NA,0.031089706,0.066032645,42.16284687,10.37576659,26.92580123,47.05123788,NA,NA,NA,NA,"21/09/2022 11:50","21/09/2022 11:50",320,820,250,240,210,0,240,-280,540,NA,NA,NA
"257","Toledo","25/09/2022",1080000,24.3,6.075,6.8,NA,18.66507086,NA,NA,0.017282473,0.071121288,33.03546092,5.162737867,27.33283311,24.28271753,NA,NA,NA,NA,"25/09/2022 07:00","25/09/2022 07:00",90,240,140,130,80,0,130,-60,170,NA,NA,NA
"258","Toledo","25/09/2022",1080000,13,4.875,6.3,NA,10.008,NA,NA,0.009266667,0.071282051,33.04,6.09,26.47772727,12.99073333,NA,NA,NA,NA,"25/09/2022 19:10","25/09/2022 20:00",110,160,30,20,60,50,20,20,180,NA,NA,NA
"259","Toledo","06/10/2022",1080000,49.586,5.833647059,26.21,NA,74.928,NA,NA,0.069377778,0.139914044,99.3,51.13,51.94698113,49.51662222,NA,NA,NA,NA,"06/10/2022 08:50","06/10/2022 09:00",50,510,40,10,10,10,10,-420,70,NA,NA,NA
"260","Toledo","10/10/2022",1080000,16.1,5.366666667,9.6,NA,13.422,NA,NA,0.012427778,0.077191166,59.05,9.94,48.17615385,16.08757222,NA,NA,NA,NA,"10/10/2022 09:30","10/10/2022 10:00",150,180,30,20,30,30,20,10,190,NA,NA,NA
"261","Toledo","10/10/2022",1080000,29.784,10.512,18.768,NA,77.118,NA,NA,0.071405556,0.23974468,93.35,40.12,60.889,29.71259444,NA,NA,NA,NA,"10/10/2022 23:50","11/10/2022 00:10",30,170,70,30,20,20,30,-80,70,NA,NA,NA
"262","Toledo","11/10/2022",1080000,58.7,7.656521739,12.2,NA,164.352,NA,NA,0.152177778,0.25924664,88.35,22.52,70.1614,58.54782222,NA,NA,NA,NA,"11/10/2022 10:50","11/10/2022 13:30",90,460,350,40,-30,160,40,-90,80,NA,NA,NA
"263","Toledo","13/10/2022",1080000,24.543,10.51842857,14.645,NA,20.472,NA,NA,0.018955556,0.077234061,77.07,16.76,62.24333333,24.52404444,NA,NA,NA,NA,"13/10/2022 18:20","13/10/2022 18:40",20,140,20,10,20,20,10,-90,40,NA,NA,NA
"264","Toledo","19/10/2022",1080000,113.322,5.190320611,17.238,NA,710.094,NA,NA,0.657494444,0.580200177,136.71,62.23,84.63263514,112.6645056,NA,NA,NA,NA,"20/10/2022 06:50","20/10/2022 17:10",500,1310,1380,320,-140,620,320,110,360,NA,NA,NA
"265","Toledo","30/10/2022",1080000,29.4,11.76,16,NA,73.044,NA,NA,0.067633333,0.230045351,119.76,35.04,91.56235294,29.33236667,NA,NA,NA,NA,"30/10/2022 06:10","30/10/2022 06:40",40,150,60,30,30,30,30,-50,70,NA,NA,NA
"266","Toledo","31/10/2022",1080000,53.1,5.4,15.4,NA,131.13,NA,NA,0.121416667,0.228656623,116.11,28.02,90.1795082,52.97858333,NA,NA,NA,NA,"31/10/2022 03:20","31/10/2022 01:30",180,590,230,30,-130,-110,30,-340,60,NA,NA,NA
"267","Toledo","13/11/2022",1080000,55.794,12.87553846,22.542,NA,189.7797,NA,NA,0.175721944,0.314947744,200.87,112.47,93.02851852,55.61827806,NA,NA,NA,NA,"13/11/2022 08:20","13/11/2022 08:51",80,260,60,41,31,31,41,-130,111,NA,NA,NA
"268","Toledo","04/12/2022",1080000,24.8,6.763636364,12.9,NA,44.1,NA,NA,0.040833333,0.164650538,70.88,14.43,59.155,24.75916667,NA,NA,NA,NA,"04/12/2022 02:00","04/12/2022 02:30",70,220,100,50,30,30,50,-70,100,NA,NA,NA
"269","Toledo","02/01/2023",1080000,40.8,9.066666667,23.3,NA,93.234,NA,NA,0.086327778,0.211587691,89.17,45.52,51.49612903,40.71367222,NA,NA,NA,NA,"02/01/2023 06:40","02/01/2023 07:00",10,270,70,20,20,20,20,-190,60,NA,NA,NA
"270","Toledo","14/01/2023",1080000,97.6,20.19310345,37.9,NA,541.302,NA,NA,0.501205556,0.513530282,165.63,120.72,67.61578947,97.09879444,NA,NA,NA,NA,"14/01/2023 17:40","14/01/2023 18:20",160,290,190,80,50,40,80,30,220,NA,NA,NA
"271","Toledo","03/02/2023",1080000,20,17.14285714,14.4,NA,48.864,NA,NA,0.045244444,0.226222222,48.01,19.71,30.9068,19.95475556,NA,NA,NA,NA,"03/02/2023 15:00","03/02/2023 15:30",20,70,80,30,30,30,30,30,120,NA,NA,NA
"272","Toledo","14/02/2023",1080000,38.2,11.46,12.6,NA,75.732,NA,NA,0.070122222,0.183566027,40.27,17.89,26.20821429,38.12987778,NA,NA,NA,NA,"14/02/2023 14:20","14/02/2023 16:00",70,200,200,150,100,100,150,20,180,NA,NA,NA
"273","Toledo","14/02/2023",1080000,86.3,8.090625,14.4,NA,133.296,NA,NA,0.123422222,0.143015321,56.92,21.24,34.94818182,86.17657778,NA,NA,NA,NA,"15/02/2023 05:40","15/02/2023 03:30",370,640,560,40,-310,-130,40,-60,70,NA,NA,NA
"274","Toledo","20/02/2023",1080000,61,6.421052632,9,NA,66.978,NA,NA,0.062016667,0.101666667,38.42,11.88,27.18266667,60.93798333,NA,NA,NA,NA,"20/02/2023 12:30","20/02/2023 13:00",210,570,290,190,30,30,190,-230,250,NA,NA,NA
"275","Toledo","23/02/2023",1080000,31.8,7.632,14.1,NA,26.166,NA,NA,0.024227778,0.07618798,36.59,12.62,26.73740741,31.77577222,NA,NA,NA,NA,"23/02/2023 22:20","23/02/2023 22:30",60,250,70,40,10,10,40,-150,80,NA,NA,NA
"276","Toledo","28/02/2023",1080000,51.8,34.53333333,38.3,NA,216.846,NA,NA,0.200783333,0.387612613,85.07,62.24,44.38368421,51.59921667,NA,NA,NA,NA,"28/02/2023 15:30","28/02/2023 16:10",20,90,110,40,40,40,40,40,70,NA,NA,NA
"277","Toledo","02/03/2023",1080000,23.5,12.81818182,15.9,NA,37.182,NA,NA,0.034427778,0.146501182,41.53,15.78,30.87333333,23.46557222,NA,NA,NA,NA,"02/03/2023 16:30","02/03/2023 16:50",20,110,70,30,30,20,30,-20,50,NA,NA,NA
"278","Toledo","09/03/2023",1080000,25.3,10.12,19.4,NA,27.492,NA,NA,0.025455556,0.100614844,40.27,14.55,27.23952381,25.27454444,NA,NA,NA,NA,"09/03/2023 15:40","09/03/2023 16:10",80,150,50,20,30,30,20,-10,130,NA,NA,NA
"279","Toledo","10/03/2023",1080000,28.3,24.25714286,25.7,NA,43.032,NA,NA,0.039844444,0.14079309,52.74,25.54,30.24470588,28.26015556,NA,NA,NA,NA,"10/03/2023 16:50","10/03/2023 17:20",50,70,40,20,30,30,20,30,100,NA,NA,NA
"280","Toledo","13/04/2023",1080000,22.8,12.43636364,20.8,NA,20.772,NA,NA,0.019233333,0.084356725,36.65,13.41,25.28625,22.78076667,NA,NA,NA,NA,"13/04/2023 18:10","13/04/2023 18:30",10,110,40,20,20,20,20,-60,50,NA,NA,NA
"281","Toledo","17/04/2023",1080000,35,8.4,16.5,NA,24.13531198,NA,NA,0.022347511,0.063850032,30.90757768,6.338134104,26.51822512,34.97765249,NA,NA,NA,NA,"17/04/2023 17:00","17/04/2023 17:20",30,250,150,10,-10,20,10,-90,40,NA,NA,NA
"282","Toledo","02/05/2023",1080000,26.4,6.886956522,10.9,NA,12.072,NA,NA,0.011177778,0.042340067,31.14,5.02,26.088,26.38882222,NA,NA,NA,NA,"02/05/2023 23:40","03/05/2023 00:20",130,230,60,40,50,40,40,-30,190,NA,NA,NA
"283","Toledo","07/05/2023",1080000,32.4,21.6,19.3,NA,24.498,NA,NA,0.022683333,0.070010288,36.17,11.3,29.29692308,32.37731667,NA,NA,NA,NA,"07/05/2023 21:50","07/05/2023 22:20",10,90,60,20,20,30,20,-20,40,NA,NA,NA
"284","Toledo","11/06/2023",1080000,27,3.857142857,7.1,NA,26.904,NA,NA,0.024911111,0.092263374,30.4,8.41,23.638,26.97508889,NA,NA,NA,NA,"12/06/2023 00:00","11/06/2023 23:50",110,420,120,30,-20,-10,30,-240,100,NA,NA,NA
"285","Toledo","23/06/2023",1080000,19.2,5.236363636,8.6,NA,27.972,NA,NA,0.0259,0.134895833,27.88,9.8,19.7525,19.1741,NA,NA,NA,NA,"23/06/2023 14:40","23/06/2023 15:20",160,220,80,20,30,40,20,30,190,NA,NA,NA
"286","Toledo","09/07/2023",1080000,23.1,3.553846154,8.2,NA,38.43,NA,NA,0.035583333,0.154040404,37.08,14.34,21.18724638,23.06441667,NA,NA,NA,NA,"09/07/2023 22:30","09/07/2023 23:30",100,390,180,160,80,60,160,-190,200,NA,NA,NA
"287","Toledo","10/07/2023",1080000,25.3,11.67692308,15.1,NA,40.068,NA,NA,0.0371,0.146640316,42.16,19.52,24.01974359,25.2629,NA,NA,NA,NA,"10/07/2023 10:20","10/07/2023 10:40",40,130,60,20,20,20,20,-30,160,NA,NA,NA
"288","Toledo","09/08/2023",1080000,35.6,4.359183673,7.9,NA,14.718,NA,NA,0.013627778,0.038280275,26.32,6.67,17.99226415,35.58637222,NA,NA,NA,NA,"09/08/2023 07:00","09/08/2023 06:30",100,490,50,30,-30,-30,30,-400,180,NA,NA,NA
"289","Toledo","02/09/2023",1080000,59.5,12.75,22.9,NA,136.026,NA,NA,0.12595,0.211680672,61.21,41.53,23.72769231,59.37405,NA,NA,NA,NA,"02/09/2023 05:30","02/09/2023 06:00",70,280,110,70,40,30,70,-130,190,NA,NA,NA
